source_url,publisher_domain,headline,snippet,date_discovered,publisher_name,date_published,author_name,deportee_count,deportee_count_is_estimate,deportee_count_low,deportee_count_high,origin_country,destination_country,conducting_agency,transport_mode,cse_query
https://www.dhs.gov/news/2025/05/19/project-homecoming-charter-flight-brings-self-deporters-honduras-colombia,www.dhs.gov,Project Homecoming Charter Flight Brings Self-Deporters to ...,"May 19, 2025 ... If you don't, you will be subjected to fines, arrest, deportation and will never be allowed to return. If you are in this country illegally, ...",2025-08-30T16:14:03.154569Z,U.S. Department of Homeland Security,,,19.0,False,,,,,,charter_flight,deportees charter flight site:.gov OR site:.int OR site:.gov.uk OR site:.gov.gh
https://www.ice.gov/factsheets/ice-air-operations,www.ice.gov,ICE Air Operations | ICE,"May 16, 2025 ... IAO facilitates the transfer and removal of aliens via commercial airlines and chartered flights in support of ICE field offices and Department ...",2025-08-30T16:14:03.154569Z,www.ice.gov,2014-05-31T00:00:00,,25.0,False,,,,,ICE,charter_flight,deportees charter flight site:.gov OR site:.int OR site:.gov.uk OR site:.gov.gh
https://homeofficemedia.blog.gov.uk/2021/07/22/returns-deportation-and-charter-flights-factsheet/,homeofficemedia.blog.gov.uk,"Returns, Deportation and Charter Flights Factsheet – Home Office in ...","Jul 22, 2021 ... The purpose of this factsheet is to provide information to explain the deportation process, use of charter flights and the checks and balances in the system.",2025-08-30T16:14:03.154569Z,homeofficemedia.blog.gov.uk,,,,False,,,,,Home Office,charter_flight,deportees charter flight site:.gov OR site:.int OR site:.gov.uk OR site:.gov.gh
https://www.ice.gov/news/releases/ice-dallas-leads-dhs-effort-removing-122-illegal-aliens-aboard-special-high-risk,www.ice.gov,ICE Dallas leads DHS effort removing 122 illegal aliens aboard ...,"Jun 9, 2025 ... The flight manifest included 96 males and 26 females with final orders for removal coming from ICE detention facilities across the country. Ages ...",2025-08-30T16:14:03.154569Z,www.ice.gov,2025-06-09T00:00:00,,26.0,False,,,,,ICE,unknown,deportees charter flight site:.gov OR site:.int OR site:.gov.uk OR site:.gov.gh
https://homeofficemedia.blog.gov.uk/2020/11/30/deportation-and-charter-flights-factsheet/,homeofficemedia.blog.gov.uk,Deportation and Charter Flights Factsheet – Home Office in the media,"Nov 30, 2020 ... The offences committed by the individuals due to be removed on this flight include murder, attempted murder, rape, child sexual offences, ...",2025-08-30T16:14:03.154569Z,homeofficemedia.blog.gov.uk,,,,False,,,,,Home Office,charter_flight,deportees charter flight site:.gov OR site:.int OR site:.gov.uk OR site:.gov.gh
https://www.courts.wa.gov/content/publicupload/eclips/2023%2004%2003%20Federal%20judge%20allows%20ICE%20charter%20deportation%20flights%20to%20resume%20at%20Boeing%20Field.pdf,www.courts.wa.gov,Federal judge allows ICE charter deportation flights to resume at ...,"Mar 31, 2023 ... Federal Immigration and Customs Enforcement can move to resume flying chartered deportation flights out of Boeing Field, after a federal judge ...",2025-08-30T16:14:03.154569Z,www.courts.wa.gov,,"Morton, Monto",31.0,False,,,,,ICE,charter_flight,deportees charter flight site:.gov OR site:.int OR site:.gov.uk OR site:.gov.gh
https://tt.usembassy.gov/trinidad-and-tobago-and-u-s-law-enforcement-cooperate-on-deportation-charter-flight/,tt.usembassy.gov,Trinidad and Tobago and U.S. Law Enforcement Cooperate on ...,"May 28, 2025 ... ... deportation charter flight at Piarco International Airport. The 17 Trinbagonian deportees, most with significant criminal records, arrived ...",2025-08-30T16:14:03.154569Z,U.S. Embassy in Trinidad & Tobago,2025-05-28T14:43:53+00:00,U.S. Embassy Trinidad & Tobago,28.0,False,,,,,,charter_flight,deportees charter flight site:.gov OR site:.int OR site:.gov.uk OR site:.gov.gh
https://portal.ct.gov/ag/press-releases/2025-press-releases/attorney-general-tong-statement-on-response-from-avelo-airlines-regarding-deportation-flights,portal.ct.gov,Attorney General Tong Statement on Response from Avelo Airlines ...,"Apr 15, 2025 ... ... charter flights for the U.S. Department of Homeland Security (DHS). In Avelo's response, the airline claims that “from the tone of your ...",2025-08-30T16:14:03.154569Z,CT.gov - Connecticut's Official State Website,,,,True,,,,,,charter_flight,deportees charter flight site:.gov OR site:.int OR site:.gov.uk OR site:.gov.gh
https://www.oig.dhs.gov/sites/default/files/assets/2019-03/OIG-19-28-Mar19.pdf,www.oig.dhs.gov,OIG-19-28 - ICE Faces Barriers in Timely Repatriation of Detained ...,"Mar 11, 2019 ... Detainees on a direct flight to their country of citizenship may leave unescorted on a commercial flight, while ICE deportation officers may ...",2025-08-30T16:14:03.154569Z,www.oig.dhs.gov,,Department of Homeland Security - Office of Inspector General,24.0,True,19.0,28.0,,,ICE,commercial_flight,deportees charter flight site:.gov OR site:.int OR site:.gov.uk OR site:.gov.gh
https://tt.usembassy.gov/joint-effort-between-u-s-authorities-and-trinidad-and-tobago-facilitates-deportation-charter-flight/,tt.usembassy.gov,Joint Effort Between U.S. Authorities and Trinidad and Tobago ...,"Jun 13, 2025 ... ... deportation charter flight at Piarco International Airport. The three male and two female Trinbagonian deportees, ranging in age from 19 to ...",2025-08-30T16:14:03.154569Z,U.S. Embassy in Trinidad & Tobago,2025-06-13T14:06:18+00:00,U.S. Embassy Trinidad & Tobago,13.0,False,,,,,,charter_flight,deportees charter flight site:.gov OR site:.int OR site:.gov.uk OR site:.gov.gh
https://www.usaspending.gov/award/CONT_AWD_70CDCR25FR0000022_7012_GS33F0025V_4730,www.usaspending.gov,"CONTRACT to CSI AVIATION, INC | USAspending",THE PURPOSE OF THIS TASK ORDER IS TO PROVIDE DAILY SCHEDULED LARGE AIRCRAFT & SPECIAL HIGH RISK CHARTER FLIGHTS TO FACILITATE ICE'S ...,2025-08-30T16:14:05.067667Z,www.usaspending.gov,,,,False,,,,,ICE,charter_flight,deportees charter flight site:.gov OR site:.int OR site:.gov.uk OR site:.gov.gh
https://pa.usembassy.gov/u-s-panama-migration-mou-facilitates-48-deportation-flights-of-illegal-migrants/,pa.usembassy.gov,U.S.-Panama Migration MOU Facilitates 48 Deportation Flights of ...,"May 6, 2025 ... The MOU on managing illegal immigration between the United States and Panama has facilitated the funding for 48 charter flights and 20 airline tickets on ...",2025-08-30T16:14:05.067667Z,U.S. Embassy in Panama,2025-05-07T02:01:55+00:00,U.S. Mission Panama,48.0,False,,,,,,charter_flight,deportees charter flight site:.gov OR site:.int OR site:.gov.uk OR site:.gov.gh
https://www.gov.uk/government/news/immigration-offenders-returned-on-flight-to-nigeria-and-ghana,www.gov.uk,Immigration offenders returned on flight to Nigeria and Ghana - GOV ...,"Apr 25, 2025 ... 43 failed asylum seekers and foreign offenders were returned on a charter flight ... Deportations of foreign national offenders are also up ...",2025-08-30T16:14:05.067667Z,GOV.UK,,,43.0,False,,,,Nigeria,,charter_flight,deportees charter flight site:.gov OR site:.int OR site:.gov.uk OR site:.gov.gh
https://kingcounty.gov/en/dept/executive-services/data-information-services/policies/executive/pfceo/pfc71eo,kingcounty.gov,King County International Airport - Prohibition on Immigrant ...,"Apr 23, 2019 ... ... deportation of immigration detainees. In 2018, King County became aware that aircraft operated by charter operators were providing services ...",2025-08-30T16:14:05.067667Z,kingcounty.gov,,,23.0,False,,,,,ICE,unknown,deportees charter flight site:.gov OR site:.int OR site:.gov.uk OR site:.gov.gh
https://cdn.ca9.uscourts.gov/datastore/opinions/2024/11/29/23-35362.pdf,cdn.ca9.uscourts.gov,U.S. v. King County,"Nov 29, 2024 ... profit from operating the deportation machine.” The reports identified Modern as the FBO responsible for servicing ICE charter flights at Boeing ...",2025-08-30T16:14:05.067667Z,cdn.ca9.uscourts.gov,,,29.0,False,,,,,ICE,charter_flight,deportees charter flight site:.gov OR site:.int OR site:.gov.uk OR site:.gov.gh
https://docs.house.gov/meetings/GO/GO00/20250305/117980/HHRG-119-GO00-20250305-SD021.pdf,docs.house.gov,"Mass Deportation: Devastating Costs to America, Its Budget and ...","Oct 1, 2024 ... A special high-risk charter flight average cost is between. $6,929 to $26,795 per flight hour, depending on aircraft requirements.”125 Given the ...",2025-08-30T16:14:05.067667Z,docs.house.gov,,,,False,,,,,,charter_flight,deportees charter flight site:.gov OR site:.int OR site:.gov.uk OR site:.gov.gh
https://in.usembassy.gov/special-online-briefing-with-department-of-homeland-security-assistant-secretary-royce-bernstein-murray/,in.usembassy.gov,Special Online Briefing with Department of Homeland Security ...,"Oct 30, 2024 ... The ongoing charter flights demonstrate the Department's continued cooperation with the Government of India and other international partners to ...",2025-08-30T16:14:05.067667Z,U.S. Embassy & Consulates in India,2024-10-30T04:12:30+00:00,,,True,,,,,,charter_flight,deportees charter flight site:.gov OR site:.int OR site:.gov.uk OR site:.gov.gh
https://uz.usembassy.gov/removal-of-uzbekistanis-from-the-united-states-3/,uz.usembassy.gov,Removal of Uzbekistanis from the United States - U.S. Embassy in ...,"May 1, 2025 ... Uzbekistan organized a charter flight to repatriate over 100 Central ... deported over 100 Uzbekistani, Kazakhstani, and Kyrgyzstani ...",2025-08-30T16:14:05.067667Z,U.S. Embassy in Uzbekistan,2025-05-01T06:39:13+00:00,U.S. Mission Uzbekistan,100.0,True,,,,,,charter_flight,deportees charter flight site:.gov OR site:.int OR site:.gov.uk OR site:.gov.gh
https://www.congress.gov/119/meeting/house/118180/documents/HMKP-119-JU00-20250430-SD003.pdf,www.congress.gov,All the U.S. Citizens Who've Been Caught Up in Trump's Immigration ...,"Apr 29, 2025 ... Attorneys were preparing a habeas corpus petition when the children were taken out of the U.S. on an ICE charter flight before the petition ...",2025-08-30T16:14:05.067667Z,www.congress.gov,,,,False,,,,,ICE,charter_flight,deportees charter flight site:.gov OR site:.int OR site:.gov.uk OR site:.gov.gh
https://reliefweb.int/report/democratic-republic-congo/after-deportation-some-congolese-returnees-face-detention-and,reliefweb.int,"After Deportation, Some Congolese Returnees Face Detention and ...","May 23, 2019 ... ... Charter of Fundamental Rights, and the International Covenant on Civil and Political Rights. ... deportation flight. Alain, for example, was ...",2025-08-30T16:14:05.067667Z,ReliefWeb,,,23.0,True,,,,,,charter_flight,deportees charter flight site:.gov OR site:.int OR site:.gov.uk OR site:.gov.gh
https://www.markey.senate.gov/imo/media/doc/dhs_haiti_letter_51524.pdf,www.markey.senate.gov,Letter to DHS Concerning Deportations to Haiti - 5.15.24,"May 15, 2024 ... Yet despite this state of affairs, the United States recently resumed deportation flights to Haiti that it had suspended months ago. We urge you ...",2025-08-30T16:14:06.990322Z,www.markey.senate.gov,,"Goldring, Abigail (Markey)",5.0,False,,,,,,charter_flight,deportees charter flight site:.gov OR site:.int OR site:.gov.uk OR site:.gov.gh
https://co.usembassy.gov/first-group-of-colombians-joins-the-cbp-home-program/,co.usembassy.gov,First Group of Colombians Joins the CBP Home Program - U.S. ...,"May 20, 2025 ... ... charter flight. Thanks to the collaboration between the U.S. ... If you do not, you will be subject to fines, detention, deportation, and will ...",2025-08-30T16:14:06.990322Z,U.S. Embassy in Colombia,2025-05-20T15:08:17+00:00,U.S. Embassy Bogotá,,False,,,,,CBP,charter_flight,deportees charter flight site:.gov OR site:.int OR site:.gov.uk OR site:.gov.gh
http://wilson.house.gov/media/op-ed/ice-to-deport-haitians-despite-coronavirus-concerns,wilson.house.gov,ICE to deport Haitians despite coronavirus concerns ...,"Nov 28, 2022 ... ... chartered plane using ... Moreover, it is their understanding that Haitian President Jovenel Moise authorized the deportation flight.",2025-08-30T16:14:06.990322Z,Congresswoman Frederica Wilson,2022-11-28T13:43:46-05:00,,,False,,,,,ICE,charter_flight,deportees charter flight site:.gov OR site:.int OR site:.gov.uk OR site:.gov.gh
https://www.hirono.senate.gov/news/press-releases/hirono-warren-press-defense-secretary-hegseth-on-cost-and-military-readiness-impact-of-deploying-troops-to-southern-border-guantanamo-bay,www.hirono.senate.gov,"Hirono, Warren Press Defense Secretary H... | Senator Mazie Hirono","Feb 14, 2025 ... The military aircraft now used for deportations, for example, cost far more than the commercial and chartered flights that ICE normally uses for ...",2025-08-30T16:14:06.990322Z,Mazie Hirono,,,,False,,,,,ICE,charter_flight,deportees charter flight site:.gov OR site:.int OR site:.gov.uk OR site:.gov.gh
https://assets.publishing.service.gov.uk/media/68948880e7be62b4f06430fc/Arranging+removal__2_.pdf,assets.publishing.service.gov.uk,Arranging removal - GOV.UK,"Aug 6, 2025 ... next charter or group flight, you must seek approval from the Charters team. ... immigration removal and deportation. Where special ...",2025-08-30T16:14:06.990322Z,assets.publishing.service.gov.uk,,Guidance rules and forms team,6.0,False,,,,,ICE,unknown,deportees charter flight site:.gov OR site:.int OR site:.gov.uk OR site:.gov.gh
https://www.warren.senate.gov/newsroom/press-releases/warren-hirono-press-defense-secretary-hegseth-on-cost-and-military-readiness-impact-of-deploying-troops-to-southern-border-guantanamo-bay,www.warren.senate.gov,"Warren, Hirono Press Defense Secretary Hegseth on Cost and ...","Feb 14, 2025 ... ... chartered flights that ICE normally uses for deportations. The new aircraft, the military C-17 plane, costs taxpayers over $28,000 per flight ...",2025-08-30T16:14:06.990322Z,www.warren.senate.gov,,,,True,,,,,ICE,charter_flight,deportees charter flight site:.gov OR site:.int OR site:.gov.uk OR site:.gov.gh
https://rm.coe.int/1680af2743,rm.coe.int,Report to the German Government on the visit to Germany carried ...,"Apr 4, 2024 ... 9 076 foreign nationals (including 4 903 by charter flight) were deported, as well as 2021, when 187 charter flights took place and 10 461 ...",2025-08-30T16:14:06.990322Z,rm.coe.int,,Sebastian.RIETZ@coe.int,4.0,False,,,,Germany,,charter_flight,deportees charter flight site:.gov OR site:.int OR site:.gov.uk OR site:.gov.gh
https://www.whitehouse.gov/presidential-actions/2025/01/protecting-the-american-people-against-invasion/,www.whitehouse.gov,Protecting The American People Against Invasion – The White House,"Jan 20, 2025 ... Millions of illegal aliens crossed our borders or were permitted to fly directly into the United States on commercial flights and allowed to ...",2025-08-30T16:14:06.990322Z,The White House,2025-01-21T01:45:42+00:00,,,False,,,,,,commercial_flight,deportees charter flight site:.gov OR site:.int OR site:.gov.uk OR site:.gov.gh
https://www.ecfr.gov/current/title-14/chapter-II/subchapter-A/part-212,www.ecfr.gov,14 CFR Part 212 -- Charter Rules for U.S. and Foreign ... - eCFR,"This part applies to all charter flights, and all other flights carrying charter passengers or cargo, in interstate and/or foreign air transportation by US ...",2025-08-30T16:14:06.990322Z,www.ecfr.gov,,,,False,,,,,,charter_flight,deportees charter flight site:.gov OR site:.int OR site:.gov.uk OR site:.gov.gh
https://oig.justice.gov/reports/USMS/a0701/final.pdf,oig.justice.gov,THE UNITED STATES MARSHALS SERVICE'S MANAGEMENT OF ...,"Oct 1, 1995 ... ICE used commercial airlines as well as chartered flights ... For deportation flights, JPATS classifies the deportees into three categories:.",2025-08-30T16:14:06.990322Z,oig.justice.gov,,OIG,,False,,,,,ICE,charter_flight,deportees charter flight site:.gov OR site:.int OR site:.gov.uk OR site:.gov.gh
https://www.judiciary.senate.gov/imo/media/doc/2024-12-10_-_testimony_-_reichlin-melnick.pdf,www.judiciary.senate.gov,U.S. Senate Committee on the Judiciary “How Mass Deportations ...,"Dec 10, 2024 ... ... charter aircraft capacity, legal costs, and a myriad of other ancillary costs necessary to ramp up federal immigration enforcement ...",2025-08-30T16:14:09.154401Z,www.judiciary.senate.gov,,Aaron Reichlin-Melnick,10.0,False,,,,,,unknown,deportees charter flight site:.gov OR site:.int OR site:.gov.uk OR site:.gov.gh
https://www.icc-cpi.int/sites/default/files/2024-05/Rome-Statute-eng.pdf,www.icc-cpi.int,Rome Statute of the International Criminal Court,(a). Murder;. (b). Extermination;. (c). Enslavement;. (d). Deportation or forcible transfer of population;. 1. Paragraph 2 of article 5 (“The Court shall ...,2025-08-30T16:14:09.154401Z,www.icc-cpi.int,,ICC-CPI,,False,,,,,,unknown,deportees charter flight site:.gov OR site:.int OR site:.gov.uk OR site:.gov.gh
https://publications.iom.int/system/files/pdf/returnmigration.pdf,publications.iom.int,1_Title Page.pmd,"Jan 1, 2004 ... In the case of Kosovo, the use of charter flights was due to the lack of any commercial flight. ... deportees on a commercial flight, especially ...",2025-08-30T16:14:09.154401Z,publications.iom.int,,CSANMIGUEL,,False,,,,,IOM,charter_flight,deportees charter flight site:.gov OR site:.int OR site:.gov.uk OR site:.gov.gh
https://gov.texas.gov/news/post/operation-lone-star-stops-human-smuggling-attempts-at-border,gov.texas.gov,Operation Lone Star Stops Human Smuggling Attempts At Border ...,"Sep 30, 2022 ... ... charter a flight to Houston with six illegal immigrants, including a previously deported child sexual assault suspect with a warrant in ...",2025-08-30T16:14:09.154401Z,gov.texas.gov,,,,False,,,,,,unknown,deportees charter flight site:.gov OR site:.int OR site:.gov.uk OR site:.gov.gh
https://escobar.house.gov/uploadedfiles/_letteropposing_migrant_detention_on_military_installations.pdf,escobar.house.gov,"March 17, 2025 President Donald Trump The White House 1600 ...","Mar 17, 2025 ... of military airlift for the purposes of conducting migrant deportation flights2. Such actions are an incredible misuse of defense funds when ...",2025-08-30T16:14:09.154401Z,escobar.house.gov,,"Khan, Naajidah",,False,,,,,,charter_flight,deportees charter flight site:.gov OR site:.int OR site:.gov.uk OR site:.gov.gh
https://www.uscis.gov/humanitarian/consideration-of-deferred-action-for-childhood-arrivals-daca/frequently-asked-questions,www.uscis.gov,Frequently Asked Questions | USCIS,"Jan 24, 2025 ... A public, private, or charter elementary school, junior high or ... deported or removed, with potentially serious future immigration consequences.",2025-08-30T16:14:09.154401Z,USCIS,2025-01-24T00:00:00,,,False,,,,,,unknown,deportees charter flight site:.gov OR site:.int OR site:.gov.uk OR site:.gov.gh
https://medialib.iom.int/galleries/category/11/return-and-reintegration,medialib.iom.int,Return and Reintegration - International Organization for Migration,"... deported migrants—many of them women and children—arrive every month ... Safe and Dignified Return through Charter Flights to Lagos, Nigeria. IOM 2024 ...",2025-08-30T16:14:09.154401Z,"International Organization for Migration | IOM, UN Migration",,,,False,,,,,IOM,charter_flight,deportees charter flight site:.gov OR site:.int OR site:.gov.uk OR site:.gov.gh
https://www.cbp.gov/newsroom/national-media-release/aliens-returned-mexico-under-interior-repatriation-initiative,www.cbp.gov,Aliens returned to Mexico under Interior Repatriation Initiative ...,"Feb 14, 2020 ... Friday's flight carried 106 Mexican nationals to Guadalajara from Tucson. ... Staffed by ERO officers, these air charters enable the agency to ...",2025-08-30T16:14:09.154401Z,U.S. Customs and Border Protection,,,14.0,False,,,,,ICE,unknown,deportees charter flight site:.gov OR site:.int OR site:.gov.uk OR site:.gov.gh
https://www.justice.gov/sites/default/files/eoir/legacy/2012/08/14/3219.pdf,www.justice.gov,Matter of Y-G-,"Aug 14, 2012 ... (1) In Matter of Shirdel, 19 I&N Dec. 33, 35 (BIA 1984), the Board of Immigration. Appeals stated that the factual basis for a possible ...",2025-08-30T16:14:09.154401Z,www.justice.gov,,BIA,,False,,,,,ICE,unknown,deportees charter flight site:.gov OR site:.int OR site:.gov.uk OR site:.gov.gh
https://www.stateoig.gov/uploads/report/report_pdf_file/isp-i-06-26_1.pdf,www.stateoig.gov,DHS isp i 06 26.pmd,cial flights and chartered aircraft. The government of ... In February 2006 an. ICE-chartered deportation flight landed over 100 deportees at San Salvador.,2025-08-30T16:14:09.154401Z,www.stateoig.gov,,cookld,2006.0,True,,,,,ICE,charter_flight,deportees charter flight site:.gov OR site:.int OR site:.gov.uk OR site:.gov.gh
https://www.london.gov.uk/who-we-are/what-london-assembly-does/questions-mayor/find-an-answer/mass-deportation-flights,www.london.gov.uk,Mass deportation flights,The Home Office has used specially chartered flights to deport rejected refugees and migrants en masse for 12 years now.,2025-08-30T16:14:12.062400Z,London City Hall,2023-11-15T07:54:33+00:00,,,False,,,,,Home Office,charter_flight,deportees charter flight site:.gov OR site:.int OR site:.gov.uk OR site:.gov.gh
https://www.icao.int/Meetings/GACS2017/Documents/GACS2017%20-%20ProgramFINAL.pdf,www.icao.int,GLOBAL AVIATION COOPERATION SYMPOSIUM,"Oct 1, 2017 ... ... Charter operation for special events and groups, Charter operation for Deportee ... flight in 2008, starting off as charter-only carrier. In 2010, ...",2025-08-30T16:14:12.062400Z,www.icao.int,,,2008.0,False,,,,,,unknown,deportees charter flight site:.gov OR site:.int OR site:.gov.uk OR site:.gov.gh
https://www.iom.int/key-migration-terms,www.iom.int,"Key Migration Terms, Migration Glossary | IOM, UN Migration","... deportation to refer to the actual implementation of such order in cases ... Charter on Human and Peoples' Rights ((adopted 27 June 1981, entered into ...",2025-08-30T16:14:12.062400Z,International Organization for Migration,,,,False,,,,,ICE,unknown,deportees charter flight site:.gov OR site:.int OR site:.gov.uk OR site:.gov.gh
https://2009-2017.state.gov/documents/organization/226383.pdf,2009-2017.state.gov,Untitled,"Flights eligible for preclearance shall consist of any commercial flight (scheduled or charter, including ferry flights) of any size aircraft that is destined ...",2025-08-30T16:14:12.062400Z,2009-2017.state.gov,,,,False,,,,,,commercial_flight,deportees charter flight site:.gov OR site:.int OR site:.gov.uk OR site:.gov.gh
https://www.bis.doc.gov/index.php/documents/enforcement/1005-don-t-let-this-happen-to-you-1/file,www.bis.doc.gov,BIS Don't Let This Happen to You,"... charter or lease to, Russia or Russian nationals, and has listed those ... flight destined for China. Zheng was arrested on December 10, 2019, at Logan ...",2025-08-30T16:14:12.062400Z,www.bis.doc.gov,,Greer Nelson,,False,,,,,,unknown,deportees charter flight site:.gov OR site:.int OR site:.gov.uk OR site:.gov.gh
https://pmc.ncbi.nlm.nih.gov/articles/PMC10721453/,pmc.ncbi.nlm.nih.gov,Qualifying deportation: How police translation of 'dangerous foreign ...,"... charter flights for the exclusive purpose of deporting illegalized migrants to specific countries. In Spain, in periods before a 'macro' flight was planned ...",2025-08-30T16:14:12.062400Z,PubMed Central (PMC),,,,False,,,,,ICE,charter_flight,deportees charter flight site:.gov OR site:.int OR site:.gov.uk OR site:.gov.gh
https://www.coe.int/t/dg3/migration/archives/source/malagaregconf/20_guidelines_forced_return_en.pdf,www.coe.int,TWENTY GUIDELINES ON FORCED RETURN,"operation should be carried out using regular (scheduled) flights, or chartered flights in cargo or military planes. ... deportee, having been placed on a seat in ...",2025-08-30T16:14:12.062400Z,www.coe.int,,walczak,,False,,,,,,charter_flight,deportees charter flight site:.gov OR site:.int OR site:.gov.uk OR site:.gov.gh
https://oversight.house.gov/wp-content/uploads/2025/03/Humire-Written-Testimony.pdf,oversight.house.gov,CONGRESSIONAL TESTIMONY,"Mar 11, 2025 ... This quiet step led to a mass exodus of Cubans to Nicaragua, through charter ... Adding additional transport aircraft to bolster ICE's deportation ...",2025-08-30T16:14:12.062400Z,oversight.house.gov,,,,False,,,,,ICE,unknown,deportees charter flight site:.gov OR site:.int OR site:.gov.uk OR site:.gov.gh
https://judiciary.house.gov/sites/evo-subsites/republicans-judiciary.house.gov/files/evo-media-document/2023-10-09-New-Data-and-Testimony.pdf,judiciary.house.gov,NEW DATA AND TESTIMONY SHOW HOW THE BIDEN ...,"Oct 9, 2023 ... As a result, the number of charter removal flights conducted by. ICE ... deportation order (REINST) without fear claim, In transit ...",2025-08-30T16:14:12.062400Z,judiciary.house.gov,,,,False,,,,,ICE,unknown,deportees charter flight site:.gov OR site:.int OR site:.gov.uk OR site:.gov.gh
https://assembly.coe.int/nw/xml/XRef/X2H-Xref-ViewHTML.asp?FileID=9470&lang=EN,assembly.coe.int,Expulsion procedures in conformity with human rights and enforced ...,"Ten died between September 1998 and May 2001 while being deported from Austria, Belgium, Germany, France and Switzerland. These deaths, which attracted ...",2025-08-30T16:14:12.062400Z,assembly.coe.int,,,1998.0,False,,,,,,unknown,deportees charter flight site:.gov OR site:.int OR site:.gov.uk OR site:.gov.gh
http://www.nadmo.gov.gh/index.php/12-nadmo-articles/83-nadmo-receives-180-ghanaian-returnees-from-libya,www.nadmo.gov.gh,NADMO Receives 180 Ghanaian Returnees from Libya,"On April 24, 2025, the National Disaster Management Organisation (NADMO) successfully welcomed 180 Ghanaian migrants who voluntarily returned from Libya.",2025-08-30T16:14:16.666043Z,www.nadmo.gov.gh,,Super User,180.0,False,,,,Ghana,,unknown,Ghana receives deportees OR returnees site:gov.gh OR site:graphic.com.gh OR site:myjoyonline.com
https://www.mint.gov.gh/kotoka-international-airport-gets-migration-information-centre-for-returnees/,www.mint.gov.gh,Kotoka International Airport gets Migration Information Centre for ...,"Feb 25, 2022 ... Kotoka International Airport gets Migration Information Centre for returnees ... Ghana. The centre is also to assist with the reintegration ...",2025-08-30T16:14:16.666043Z,Ministry of the Interior│Republic of Ghana,,https://www.facebook.com/mintergh,,False,,,,Ghana,,unknown,Ghana receives deportees OR returnees site:gov.gh OR site:graphic.com.gh OR site:myjoyonline.com
https://www.graphic.com.gh/news/general-news/ghana-news-gis-receives-40-deportees-from-us.html,www.graphic.com.gh,GIS receives 40 Ghanaian deportees from USA - Graphic Online,"Aug 19, 2019 ... The Ghana Immigration Service (GIS) has received 40 Ghanian deportees from the United States of America (USA).",2025-08-30T16:14:16.666043Z,Graphic Online,,,40.0,False,,,USA,Ghana,ICE,unknown,Ghana receives deportees OR returnees site:gov.gh OR site:graphic.com.gh OR site:myjoyonline.com
http://www.nadmo.gov.gh/,www.nadmo.gov.gh,National Disaster Management Organisation - Home,NADMO Receives 180 Ghanaian Returnees from Libya; NADMO Boss Meets Military Forces Staff; NADMO Paid a Working Visit to NDPC; NADMO Partners with Johns Hopkins ...,2025-08-30T16:14:16.666043Z,www.nadmo.gov.gh,,Super User,180.0,False,,,,Ghana,,unknown,Ghana receives deportees OR returnees site:gov.gh OR site:graphic.com.gh OR site:myjoyonline.com
http://www.nadmo.gov.gh/index.php/news-archive/12-nadmo-articles/48-10-deportees-arrived-from-the-uk,www.nadmo.gov.gh,10 Deportees arrived ... - National Disaster Management Organisation,"On Thursday March 29, 2018 were at the Kotoka International Airport to welcome and receive and some Ghanaian deportees from the United Kingdom.",2025-08-30T16:14:16.666043Z,www.nadmo.gov.gh,,Super User,10.0,True,,,,Ghana,,unknown,Ghana receives deportees OR returnees site:gov.gh OR site:graphic.com.gh OR site:myjoyonline.com
https://www.graphic.com.gh/news/general-news/ghana-confirms-188-citizens-on-us-deportation-list.html,www.graphic.com.gh,Ghana confirms 188 citizens on US deportation list - Graphic Online,"Jun 27, 2025 ... He stressed that Ghana would receive all deportees with respect and has activated a comprehensive reintegration programme in collaboration ...",2025-08-30T16:14:16.666043Z,Graphic Online,,,188.0,False,,,,Ghana,,unknown,Ghana receives deportees OR returnees site:gov.gh OR site:graphic.com.gh OR site:myjoyonline.com
http://www.nadmo.gov.gh/index.php/ghana-disaster-profile,www.nadmo.gov.gh,GHANA DISASTER ... - National Disaster Management Organisation,GHANA DISASTER PROFILE. The following are disasters that have been ... These returnees were received and given money for transportation to their home towns.,2025-08-30T16:14:16.666043Z,www.nadmo.gov.gh,,Super User,,False,,,,Ghana,,unknown,Ghana receives deportees OR returnees site:gov.gh OR site:graphic.com.gh OR site:myjoyonline.com
https://www.myjoyonline.com/188-ghanaians-face-u-s-deportation-okudzeto-ablakwa/,www.myjoyonline.com,188 Ghanaians face U.S. deportation - Okudzeto Ablakwa ...,"Jun 26, 2025 ... He emphasised that Ghana will receive all returnees with dignity and has activated a comprehensive reintegration plan in collaboration with ...",2025-08-30T16:14:16.666043Z,MyJoyOnline,2025-06-27T02:32:06+00:00,,188.0,False,,,,Ghana,,unknown,Ghana receives deportees OR returnees site:gov.gh OR site:graphic.com.gh OR site:myjoyonline.com
http://www.nadmo.gov.gh/index.php/events/15-nadmo-top-menu,www.nadmo.gov.gh,NADMO-Top_Menu - National Disaster Management Organisation,"Reception of Ghanaians Deportees/Evacuees from Abroad: Since 1997, NADMO has received about 38,386 Ghanaian deportees/evacuees from countries such as Libya ...",2025-08-30T16:14:16.666043Z,www.nadmo.gov.gh,,Super User,1997.0,True,,,,Ghana,,unknown,Ghana receives deportees OR returnees site:gov.gh OR site:graphic.com.gh OR site:myjoyonline.com
https://www.mint.gov.gh/services/right-of-abode/,www.mint.gov.gh,Right of Abode - Ministry of the Interior Republic of Ghana,Granted to Ghanaians who have lost their Ghanaian citizenship by reason of acquisition of a foreign nationality. Granted to a person to a person of African ...,2025-08-30T16:14:16.666043Z,Ministry of the Interior│Republic of Ghana,,https://www.facebook.com/mintergh,,False,,,,Ghana,,ship,Ghana receives deportees OR returnees site:gov.gh OR site:graphic.com.gh OR site:myjoyonline.com
https://glmis.gov.gh/Kb/DocumentContentRender/35,glmis.gov.gh,Youth Employment Programs in Ghana: Options for,"The gig economy is made up of three main components: (1) independent workers paid by the gig (a task or a project), as opposed to those workers who receive a ...",2025-08-30T16:14:18.869529Z,glmis.gov.gh,,World Bank Group,,False,,,,Ghana,,unknown,Ghana receives deportees OR returnees site:gov.gh OR site:graphic.com.gh OR site:myjoyonline.com
https://www.mint.gov.gh/wp-content/uploads/2017/06/National_Migration_Policy_for_Ghana.pdf,www.mint.gov.gh,national migration policy for Ghana,to Ghana is on the increase facilitated by the improved economic conditions and political stability with most returnees going into self-employment and ...,2025-08-30T16:14:18.869529Z,www.mint.gov.gh,,,,False,,,,Ghana,,unknown,Ghana receives deportees OR returnees site:gov.gh OR site:graphic.com.gh OR site:myjoyonline.com
https://nadmo.gov.gh/index.php/archive?view=archive,nadmo.gov.gh,National Disaster Management Organisation - Home,"NADMO Receives 180 Ghanaian Returnees from Libya. Posted in NADMO_Articles. On April 24, 2025, the National Disaster Management Organisation (NADMO) ...",2025-08-30T16:14:18.869529Z,nadmo.gov.gh,,Super User,180.0,False,,,,Ghana,,unknown,Ghana receives deportees OR returnees site:gov.gh OR site:graphic.com.gh OR site:myjoyonline.com
https://mfa.gov.gh/index.php/ghana-eu-dialogue-on-migration-held/,mfa.gov.gh,Ghana – EU Dialogue on Migration Held – Ministry Of Foreign Affairs,"Jan 18, 2019 ... Government intervention programmes which have been put in place have helped to ensure a decline in the number of illegal Ghanaian migrants to European ...",2025-08-30T16:14:18.869529Z,mfa.gov.gh,,,,False,,,,Ghana,,unknown,Ghana receives deportees OR returnees site:gov.gh OR site:graphic.com.gh OR site:myjoyonline.com
https://www.myjoyonline.com/minority-mounts-pressure-on-government-to-disclose-details-of-gitmo-deal/,www.myjoyonline.com,Minority mounts pressure on government to disclose details of Gitmo ...,"Feb 17, 2016 ... Our president is willing to bend over backwards to violate the immigration laws of Ghana by receiving these deportees,” he added. The ...",2025-08-30T16:14:18.869529Z,MyJoyOnline,,,,True,,,,Ghana,,unknown,Ghana receives deportees OR returnees site:gov.gh OR site:graphic.com.gh OR site:myjoyonline.com
https://www.graphic.com.gh/news/general-news/258-ghanaians-deported-from-the-us-over-four-years-as-ice-ramps-up-enforcement.html,www.graphic.com.gh,"258 Ghanaians deported from the US over four years, as ICE ramps ...","Jan 27, 2025 ... ... receives 40 Ghanaian deportees from USA · 75 Ghanaians deported from USA · Deportees refuse to disembark from plane at Kotoka · ICE's border ...",2025-08-30T16:14:18.869529Z,Graphic Online,,,258.0,True,,,USA,Ghana,ICE,unknown,Ghana receives deportees OR returnees site:gov.gh OR site:graphic.com.gh OR site:myjoyonline.com
https://audit.gov.gh/files/audit_reports/Report_on_the_audit_of_the_Government_of_Ghana_Covid-19_expenditure_for_the_period_March_2020_to_June_2022.pdf,audit.gov.gh,REPORT ON THE AUDIT OF THE GOVERNMENT OF GHANA ...,"Mar 11, 2020 ... We observed that the Government of Ghana received. US ... to ensure that Ghanaian returnees placed under mandatory quarantine.",2025-08-30T16:14:18.869529Z,audit.gov.gh,,Sylvester Botcway,,False,,,,Ghana,,unknown,Ghana receives deportees OR returnees site:gov.gh OR site:graphic.com.gh OR site:myjoyonline.com
https://glmis.gov.gh/Kb/DocumentContentRender/75,glmis.gov.gh,Migration in Ghana Migration in Ghana,"In 2008, Ghana received fewer asylum seeker and refugees (18,206), but the country remains host to the fourth-largest population of asylum seekers and refugees ...",2025-08-30T16:14:18.869529Z,glmis.gov.gh,,,,False,,,,Ghana,,unknown,Ghana receives deportees OR returnees site:gov.gh OR site:graphic.com.gh OR site:myjoyonline.com
https://www.graphic.com.gh/news/general-news/some-of-the-ghanaians-who-returned-from-kuwait-have-tested-positive-for-covid-19.html,www.graphic.com.gh,COVID-19: Some Ghanaian Kuwaiti returnees test positive - Graphic ...,"May 28, 2020 ... They were received at the Kotoko International Airport by the Operation Return Home joint task force which comprises the Ghana Immigration ...",2025-08-30T16:14:18.869529Z,Graphic Online,,,19.0,True,,,,Ghana,,unknown,Ghana receives deportees OR returnees site:gov.gh OR site:graphic.com.gh OR site:myjoyonline.com
https://www.myjoyonline.com/ghana-prepares-for-deportation-of-188-nationals-amid-u-s-immigration-crackdown/,www.myjoyonline.com,Ghana prepares for deportation of 188 nationals amid U.S. ...,"Jun 28, 2025 ... Receive news updates on the go. ... In his remarks, he assured the public that Ghana is prepared to welcome the deportees back home with respect.",2025-08-30T16:14:18.869529Z,MyJoyOnline,2025-06-28T05:44:33+00:00,,188.0,False,,,,Ghana,,unknown,Ghana receives deportees OR returnees site:gov.gh OR site:graphic.com.gh OR site:myjoyonline.com
https://mofep.gov.gh/sites/default/files/budget-statements/2025-Mid-Year-Fiscal-Policy-Review.pdf,mofep.gov.gh,2025 Mid-Year Fiscal Policy Review,"Jul 23, 2025 ... while 1,298 Ghanaian deportees were received. Page 63. Resetting the Economy for the Ghana We Want. 2025 Mid-Year Review. 60. 412. Mr. Speaker ...",2025-08-30T16:14:21.877046Z,mofep.gov.gh,,users,23.0,False,,,,Ghana,,unknown,Ghana receives deportees OR returnees site:gov.gh OR site:graphic.com.gh OR site:myjoyonline.com
https://www.myjoyonline.com/ghana-premier-league-great-olympics-battle-returnees-bofoakwa-tano-on-saturday/,www.myjoyonline.com,Ghana Premier League: Great Olympics battle returnees Bofoakwa ...,"Sep 16, 2023 ... Bofoakwa Tano are back in the Premier League after 16 years of absence having secured qualification at the expense of rivals Techiman Eleven Wonders.",2025-08-30T16:14:21.877046Z,MyJoyOnline,2023-09-16T08:29:01+00:00,,16.0,False,,,,Ghana,,unknown,Ghana receives deportees OR returnees site:gov.gh OR site:graphic.com.gh OR site:myjoyonline.com
https://www.mint.gov.gh/,www.mint.gov.gh,Ministry of the Interior Republic of Ghana,"Deputy Interior Minister Calls for Robust Arms Regulatory Framework in Ghana. Aug 29, 2025 | Latest News. The Hon. Deputy Minister of the Interior, Ebenezer ...",2025-08-30T16:14:21.877046Z,Ministry of the Interior│Republic of Ghana,,,,False,,,,Ghana,,bus,Ghana receives deportees OR returnees site:gov.gh OR site:graphic.com.gh OR site:myjoyonline.com
https://mofep.gov.gh/sites/default/files/budget-statements/2024-Budget-Statement_0.pdf,mofep.gov.gh,THE BUDGET STATEMENT AND ECONOMIC POLICY of the ...,"Nov 15, 2023 ... ... Ghana. Theme: Pursuing Growth & Development within a Stable ... deportees from various countries were received. 923. Mr. Speaker, 835 ...",2025-08-30T16:14:21.877046Z,mofep.gov.gh,,,,False,,,,Ghana,,unknown,Ghana receives deportees OR returnees site:gov.gh OR site:graphic.com.gh OR site:myjoyonline.com
https://www.mofep.gov.gh/sites/default/files/budget-statements/2020-Budget-Statement-and-Economic-Policy_v3.pdf,www.mofep.gov.gh,2020 Budget Statement and Economic Policy,"Nov 12, 2019 ... ... Ghana's Key Traded Commodities ........................ 10. African ... returnees with voluntary migration and reintegration services in ...",2025-08-30T16:14:21.877046Z,www.mofep.gov.gh,,Microsoft Office User,10.0,False,,,,Ghana,ICE,unknown,Ghana receives deportees OR returnees site:gov.gh OR site:graphic.com.gh OR site:myjoyonline.com
https://www.myjoyonline.com/photos-of-ghanaian-returnees-from-kuwait/,www.myjoyonline.com,Photos of Ghanaian returnees from Kuwait - MyJoyOnline,"May 23, 2020 ... Some 263 Ghanaians have arrived in the country from Kuwait as part of the first wave of evacuations of nationals stranded abroad due to Covid-19.",2025-08-30T16:14:21.877046Z,MyJoyOnline,2020-05-24T07:55:25+00:00,,23.0,True,,,,Ghana,,unknown,Ghana receives deportees OR returnees site:gov.gh OR site:graphic.com.gh OR site:myjoyonline.com
https://www.myjoyonline.com/govt-to-facilitate-safe-return-of-us-deportees-ablakwa/,www.myjoyonline.com,Gov't to facilitate safe return of US deportees - Ablakwa - MyJoyOnline,"Apr 17, 2025 ... ... Ghana or how they can beat the system to get back to the US. Self-adulation is not what Ghanaians want to see from members of the ...",2025-08-30T16:14:21.877046Z,MyJoyOnline,2025-04-17T16:20:27+00:00,,17.0,False,,,,Ghana,,unknown,Ghana receives deportees OR returnees site:gov.gh OR site:graphic.com.gh OR site:myjoyonline.com
https://mofep.gov.gh/sites/default/files/pbb-estimates/2024/2024-PBB-MoI_.pdf,mofep.gov.gh,MINISTRY OF THE INTERIOR,"... Ghanaian deportees from various countries were received. A total of 835 ... • Ghana Refugee Board (GRB) received and registered over, new asylum seekers including.",2025-08-30T16:14:21.877046Z,mofep.gov.gh,,aapoku,,True,,,,Ghana,GIS,unknown,Ghana receives deportees OR returnees site:gov.gh OR site:graphic.com.gh OR site:myjoyonline.com
https://glmis.gov.gh/Kb/DocumentContentRender/51,glmis.gov.gh,"Employment creation potential, labor skills requirements, and skill ...","returnees by waiving some visa requirements and ... the government, and, in the case of Ghana, both IWOSS sectors have already been identified to receive.",2025-08-30T16:14:21.877046Z,glmis.gov.gh,,,,True,,,,Ghana,,unknown,Ghana receives deportees OR returnees site:gov.gh OR site:graphic.com.gh OR site:myjoyonline.com
https://www.myjoyonline.com/parliament-summons-foreign-affairs-minister-over-deportation-of-ghanaians-from-the-u-s/,www.myjoyonline.com,Parliament summons Foreign Affairs Minister over deportation of ...,"Feb 23, 2025 ... Receive news updates on the go. Select one or more categories. News ... Ghanaian deportees in US detention centres. He described the ...",2025-08-30T16:14:21.877046Z,MyJoyOnline,2025-02-23T07:06:23+00:00,,23.0,True,,,,Ghana,,unknown,Ghana receives deportees OR returnees site:gov.gh OR site:graphic.com.gh OR site:myjoyonline.com
https://www.energycom.gov.gh/index.php/media-center/newsletter?download=209:ghana-seforall-newsletter&start=20,www.energycom.gov.gh,GHANA SEforALL NEWS,"Energy Commission Receives Technical Assistance to Develop a Clean Cooking Strategy and Investment Prospectus for Ghana. The World Bank, under the Ghana ...",2025-08-30T16:14:24.679542Z,www.energycom.gov.gh,,Paula Edze,,False,,,,Ghana,,unknown,Ghana receives deportees OR returnees site:gov.gh OR site:graphic.com.gh OR site:myjoyonline.com
https://www.mofep.gov.gh/sites/default/files/budget-statements/2012_budget.pdf,www.mofep.gov.gh,THE BUDGET STATEMENT AND ECONOMIC POLICY OF THE ...,"Nov 16, 2011 ... The Government of Ghana also receives 10 per cent free carried interest ... returnees from Libya, 19,455 Ivorian Asylum seekers and Ghanaian.",2025-08-30T16:14:24.679542Z,www.mofep.gov.gh,,Sammy Arkhurst,10.0,False,,,,Ghana,,unknown,Ghana receives deportees OR returnees site:gov.gh OR site:graphic.com.gh OR site:myjoyonline.com
https://www.myjoyonline.com/us-government-deports-40-ghanaians/,www.myjoyonline.com,US government deports 40 Ghanaians - MyJoyOnline,"Aug 19, 2019 ... She said two of the deportees travelled with their Ghanaian passports while 38 others were with Travel Certificate (TC) issued by the Ghana ...",2025-08-30T16:14:24.679542Z,MyJoyOnline,2020-04-02T02:46:01+00:00,,40.0,False,,,,Ghana,,unknown,Ghana receives deportees OR returnees site:gov.gh OR site:graphic.com.gh OR site:myjoyonline.com
https://www.graphic.com.gh/news/general-news/kuwait-deportees-placed-under-quarantine.html,www.graphic.com.gh,Kuwait deportees placed under quarantine - Graphic Online,"May 25, 2020 ... Though the borders of Ghana remain closed as part of measures to curb the importation and spread of the coronavirus (COVID-19), this chartered ...",2025-08-30T16:14:24.679542Z,Graphic Online,,,241.0,False,,,,Ghana,,unknown,Ghana receives deportees OR returnees site:gov.gh OR site:graphic.com.gh OR site:myjoyonline.com
https://glmis.gov.gh/Kb/DocumentContentRender/77,glmis.gov.gh,AENEAS 2006,"Table 10: Ghanaian, Nigerian and Senegalese deportees ... For instance,. Nigeria, Cote d'Ivoire, Senegal and Ghana (lately) have been at the receiving end of.",2025-08-30T16:14:24.679542Z,glmis.gov.gh,,,10.0,False,,,,Ghana,,unknown,Ghana receives deportees OR returnees site:gov.gh OR site:graphic.com.gh OR site:myjoyonline.com
https://www.myjoyonline.com/108-ghanaians-deported-from-usa/,www.myjoyonline.com,108 Ghanaians deported from USA - MyJoyOnline,"Nov 3, 2016 ... About 57 of the deportees were brought back to Ghana Wednesday from ... get down with the handcuffs for everybody to see how they have ...",2025-08-30T16:14:24.679542Z,MyJoyOnline,,,108.0,True,,,USA,Ghana,,unknown,Ghana receives deportees OR returnees site:gov.gh OR site:graphic.com.gh OR site:myjoyonline.com
https://www.myjoyonline.com/us-suspends-tariffs-after-colombia-agrees-to-deportation-flights/,www.myjoyonline.com,US suspends tariffs after Colombia agrees to deportation flights ...,"Jan 27, 2025 ... Colombia's foreign minister Luis Gilberto Murillo said the country would ""continue to receive Colombians who return as deportees, guaranteeing ...",2025-08-30T16:14:24.679542Z,MyJoyOnline,2025-01-27T06:22:44+00:00,,27.0,False,,,,,,charter_flight,Ghana receives deportees OR returnees site:gov.gh OR site:graphic.com.gh OR site:myjoyonline.com
https://ndpc.gov.gh/media/Long-term_National_Development_Plan_2018-2057_tdqQ7xU.pdf,ndpc.gov.gh,Long-term National Development Plan of Ghana (2018 to 2057),"... receives about 67 percent of the education budget. As well, the bulk of ... returnees; developing a framework/policy on the return, readmission, and ...",2025-08-30T16:14:24.679542Z,ndpc.gov.gh,,NDPC-DG,,True,,,,Ghana,,unknown,Ghana receives deportees OR returnees site:gov.gh OR site:graphic.com.gh OR site:myjoyonline.com
https://www.myjoyonline.com/iom-ghana-launches-waka-well-fa-kwan-pa-so-campaign-to-inform-youth-about-migration-related-decisions/,www.myjoyonline.com,"IOM Ghana launches 'Waka well, fa kwan pa so' campaign to inform ...","May 28, 2022 ... The occasion brought together irregular migration returnees, Ghana Immigration Service, Civil Society Organisations, and youth groups, among ...",2025-08-30T16:14:24.679542Z,MyJoyOnline,2022-05-28T01:26:05+00:00,,,False,,,,Ghana,ICE,unknown,Ghana receives deportees OR returnees site:gov.gh OR site:graphic.com.gh OR site:myjoyonline.com
https://www.myjoyonline.com/akufo-addo-throws-party-for-lupita-nyongaeo-davido-and-other-returnees/,www.myjoyonline.com,"Akufo-Addo throws party for Lupita Nyong'o, Davido and other ...","Jan 1, 2020 ... Akufo-Addo throws party for Lupita Nyong'o, Davido and other returnees ... Ghana this year, celebrating at The President & First Lady's cocktail ...",2025-08-30T16:14:24.679542Z,MyJoyOnline,2020-03-19T14:04:37+00:00,,,True,,,,Ghana,,unknown,Ghana receives deportees OR returnees site:gov.gh OR site:graphic.com.gh OR site:myjoyonline.com
https://ndpc.gov.gh/media/MTNDPF_2022-2025_Dec-2021.pdf,ndpc.gov.gh,GOVERNMENT OF GHANA,"... received, out of which a total of 232 projects had received support and ... Returnees in Ghana and (ii) for Combatting Human Trafficking in Ghana and.",2025-08-30T16:14:26.910923Z,ndpc.gov.gh,,,2.0,False,,,,Ghana,,unknown,Ghana receives deportees OR returnees site:gov.gh OR site:graphic.com.gh OR site:myjoyonline.com
https://www.mint.gov.gh/agencies/ghana-refugee-board/,www.mint.gov.gh,Ghana Refugee Board - Ministry of the Interior Republic of Ghana,GRB is mandated to receive asylum applications and grant refugee status to asylum seekers. GRB is tasked with ensuring that the provisions in the various ...,2025-08-30T16:14:26.910923Z,Ministry of the Interior│Republic of Ghana,,https://www.facebook.com/mintergh,,False,,,,Ghana,,unknown,Ghana receives deportees OR returnees site:gov.gh OR site:graphic.com.gh OR site:myjoyonline.com
https://ama.gov.gh/,ama.gov.gh,Accra Metropolitan Assembly,The Tabons are the only representative group of the Afro-Brazilians returnees which are known in Ghana. The community is known as the Tabom community whilst ...,2025-08-30T16:14:26.910923Z,ama.gov.gh,,,,False,,,,Ghana,,unknown,Ghana receives deportees OR returnees site:gov.gh OR site:graphic.com.gh OR site:myjoyonline.com
https://www.myjoyonline.com/interior-ministry-explains-why-ghanaian-illegal-miners-are-prosecuted-while-foreigners-are-deported/,www.myjoyonline.com,Interior Ministry explains why Ghanaian illegal miners are ...,"Apr 7, 2025 ... The embassies typically fund the cost of the deportees' flights, while the government covers travel expenses for the Ghana Immigration Service ...",2025-08-30T16:14:26.910923Z,MyJoyOnline,2025-04-07T15:55:47+00:00,,,False,,,,Ghana,ICE,unknown,Ghana receives deportees OR returnees site:gov.gh OR site:graphic.com.gh OR site:myjoyonline.com
https://gis.gov.gh/wp-content/uploads/2024/02/GIS-STRATEGIC-PLAN-2023-2029.pdf,gis.gov.gh,ghana immigration service - 2023-2029 strategic plan,"If formal and reliable cross-border data and intelligence is received by GIS officers, it will aid in the detection of cross-border crime and terrorism (2.1.1.",2025-08-30T16:14:26.910923Z,gis.gov.gh,,,,False,,,,Ghana,ICE,unknown,Ghana receives deportees OR returnees site:gov.gh OR site:graphic.com.gh OR site:myjoyonline.com
https://www.graphic.com.gh/news/general-news/we-are-working-to-reintegrate-160-ghanaians-being-deported-from-us-ablakwa.html,www.graphic.com.gh,We are working to reintegrate 160 Ghanaians being deported from ...,"Apr 17, 2025 ... ... deportees. “When they arrive, our team is present to receive them ... Ghana News. Here are the key findings of the Ridge Hospital ...",2025-08-30T16:14:26.910923Z,Graphic Online,,,160.0,False,,,,Ghana,,unknown,Ghana receives deportees OR returnees site:gov.gh OR site:graphic.com.gh OR site:myjoyonline.com
https://www.myjoyonline.com/dsik-mlgwui-trains-20-african-returnees-in-takoradi/,www.myjoyonline.com,DSIK-MLGWUI trains 20 African returnees in Takoradi - MyJoyOnline,"May 3, 2023 ... All twenty 20 trainees who participated fully during 5-Day Returnees' Business Training Workshop received a certificate of participation and ...",2025-08-30T16:14:26.910923Z,MyJoyOnline,2023-05-03T11:24:52+00:00,,20.0,False,,,,,,bus,Ghana receives deportees OR returnees site:gov.gh OR site:graphic.com.gh OR site:myjoyonline.com
https://www.graphic.com.gh/news/general-news/parliament-summons-foreign-minister-over-deportation-of-ghanaians-from-the-us.html,www.graphic.com.gh,Parliament summons Foreign Minister over deportation of ...,"Feb 23, 2025 ... The move follows growing unease among lawmakers over the treatment of Ghanaian deportees, with calls for government intervention to support ...",2025-08-30T16:14:26.910923Z,Graphic Online,,,23.0,True,,,,Ghana,,unknown,Ghana receives deportees OR returnees site:gov.gh OR site:graphic.com.gh OR site:myjoyonline.com
https://mofep.gov.gh/sites/default/files/budget-statements/bud2001.pdf,mofep.gov.gh,Republic Of Ghana,"Mar 9, 2001 ... ú Provision of relief/medical support and transportation to about 4,000 Ghanaian returnees ... steps necessary to ensure that Ghana gets the full ...",2025-08-30T16:14:26.910923Z,mofep.gov.gh,,WB77817,4.0,True,,,,Ghana,,unknown,Ghana receives deportees OR returnees site:gov.gh OR site:graphic.com.gh OR site:myjoyonline.com
https://www.myjoyonline.com/boko-haram-returnees-suffer-hunger-in-nigeria-towns/,www.myjoyonline.com,Boko Haram returnees suffer hunger in Nigeria towns - MyJoyOnline,"May 11, 2015 ... People will drive to Mubi, a city about an hour's drive south, to get ... Loyalty programmes in Ghana: The next frontier in customer retention",2025-08-30T16:14:26.910923Z,MyJoyOnline,,,,True,,,,Ghana,,unknown,Ghana receives deportees OR returnees site:gov.gh OR site:graphic.com.gh OR site:myjoyonline.com
https://righttoremain.org.uk/charter-flight-deportations-ghost-flights-that-are-an-attack-on-justice/,righttoremain.org.uk,Charter flight deportations: 'ghost flights' that are an attack on justice ...,"Mar 29, 2017 ... ... charter flight mass deportation to Nigeria and Ghana. ... According to Home Office policy, when removals/deportations take place via a charter ...",2025-08-30T16:14:28.824391Z,Right to Remain,2017-03-29T07:32:41+01:00,,29.0,False,,,,Nigeria,Home Office,charter_flight,Home Office charter flight deportees Ghana
https://www.theguardian.com/politics/2022/jun/26/women-with-children-in-uk-face-deportation-to-nigeria-and-ghana,www.theguardian.com,Women with children in UK face deportation to Nigeria and Ghana ...,"Jun 27, 2022 ... Human rights campaigners raise range of safety concerns over planned removal of people on Home Office charter flight this week.",2025-08-30T16:14:28.824391Z,the Guardian,2022-06-26T16:32:14+00:00,https://www.theguardian.com/profile/dianetaylor,27.0,True,,,,Nigeria,Home Office,charter_flight,Home Office charter flight deportees Ghana
https://www.facebook.com/StateDeptDSS/posts/in-close-coordination-with-ghanaian-authorities-the-diplomatic-security-service-/1157364299757880/,www.facebook.com,"In close coordination with Ghanaian authorities, the Diplomatic ...","Jun 24, 2025 ... ... Ghana on a Department of Homeland Security deportation charter flight. ... Welcome Back Home to the Motherland... 2 mos. Recent Posts. U.S. ...",2025-08-30T16:14:28.824391Z,www.facebook.com,,,,False,,,Ghana,Ghana,ICE,charter_flight,Home Office charter flight deportees Ghana
https://www.tandfonline.com/doi/full/10.1080/1369183X.2025.2529489,www.tandfonline.com,On the deportation charter: using freedom of information research to ...,This paper is centred on statistical data about the incidence and distribution of charter flights that has been extracted from UK Home Office responses to FOI ...,2025-08-30T16:14:28.824391Z,Taylor & Francis,,,,True,,,UK,,Home Office,charter_flight,Home Office charter flight deportees Ghana
https://ico.org.uk/media2/migrated/decision-notices/2259839/fs50761881.pdf,ico.org.uk,Freedom of Information Act 2000 (Section 50),"Sep 13, 2018 ... The complainant requested information relating to charter flight mass deportations. 2. The Commissioner's decision is that the Home Office has ...",2025-08-30T16:14:28.824391Z,ico.org.uk,,Rachael Cragg,2.0,False,,,,,Home Office,charter_flight,Home Office charter flight deportees Ghana
https://www.tandfonline.com/doi/full/10.1080/17450101.2024.2304857,www.tandfonline.com,The deportation plane: charter flights and carceral mobilities,"Feb 2, 2024 ... At the start of December 2020 the Home Office deported 13 men to Jamaica on what many media reports dubbed a 'controversial charter flight'.",2025-08-30T16:14:28.824391Z,Taylor & Francis,,,2020.0,False,,,,,Home Office,charter_flight,Home Office charter flight deportees Ghana
https://corporatewatch.org/2022-uk-charter-deportations-a-balance-sheet/,corporatewatch.org,2022 UK charter deportations: a balance sheet - Corporate Watch,"Mar 15, 2023 ... In 2022 these two airlines lent their aircraft and crew to the Home Office 46 times, three-quarters of all mass deportation flights. But ...",2025-08-30T16:14:28.824391Z,Corporate Watch,2023-03-15T14:49:03+00:00,Corporate Watch,2022.0,False,,,,,Home Office,charter_flight,Home Office charter flight deportees Ghana
https://www.gulbenkian.co.uk/home-office-spent-250k-on-deportation-flights-that-never-flew/,www.gulbenkian.co.uk,Wasted Expenditure: Home Office's Unused Deportation Flight Costs,"Jul 31, 2019 ... The Home Office spent over a quarter of a million on charter flights to deport individuals over the last three months but did not utilize ...",2025-08-30T16:14:30.723094Z,Gulbenkian Andonian Solicitors,2025-05-17T16:09:56+00:00,,31.0,True,,,,,Home Office,charter_flight,Home Office charter flight deportees Ghana
https://corporatewatch.org/deportation-charter-flights-updated-report-2018/,corporatewatch.org,Deportation Charter Flights: updated report 2018 - Corporate Watch,"Jul 2, 2018 ... Albania, Pakistan, Nigeria/Ghana are still the main routes. But there are now also regular charters to European countries deporting people under ...",2025-08-30T16:14:30.723094Z,Corporate Watch,2018-07-02T16:26:51+00:00,Corporate Watch,20.0,True,,,,Ghana,Home Office,charter_flight,Home Office charter flight deportees Ghana
https://www.ucl.ac.uk/news/2021/aug/opinion-deporting-foreign-criminals-middle-night-doesnt-make-us-safer,www.ucl.ac.uk,Opinion: Deporting 'foreign criminals' in the middle of the night ...,"Aug 2, 2021 ... We should not be surprised, then, to learn that the Home Office is chartering two mass deportation flights to Jamaica and Nigeria/Ghana in a few ...",2025-08-30T16:14:30.723094Z,UCL News,2021-08-02T00:00:00+01:00,UCL,,True,,,,Ghana,Home Office,charter_flight,Home Office charter flight deportees Ghana
https://en.wikipedia.org/wiki/Stansted_15,en.wikipedia.org,Stansted 15 - Wikipedia,"The plane, a Titan Airways Boeing 767 was chartered by the UK Home Office to deport 60 migrants to Ghana, Nigeria and Sierra Leone. ... deportation charter flight ...",2025-08-30T16:14:30.723094Z,en.wikipedia.org,,,60.0,False,,,,Ghana,Home Office,charter_flight,Home Office charter flight deportees Ghana
https://www.wsws.org/en/articles/2024/11/24/zgdy-n24.html,www.wsws.org,UK Labour government sets asylum seeker deportations record ...,"Nov 24, 2024 ... Including mass deportation flights to Nigeria and Ghana, the Labour ... Home Office data reveals that 9,400 people have been deported ...",2025-08-30T16:14:30.723094Z,World Socialist Web Site,,,24.0,False,,,,Nigeria,Home Office,charter_flight,Home Office charter flight deportees Ghana
https://novaramedia.com/2017/03/08/filling-up-seats-charter-flights-and-the-uks-unlawful-deportation-tactics/,novaramedia.com,Filling Up Seats: Charter Flights and the UK's Unlawful Deportation ...,"Mar 8, 2017 ... ... charter flight, scheduled to leave two days later. According to Home Office policy, when deportations take place via a charter flight ...",2025-08-30T16:14:30.723094Z,Novara Media,,,8.0,True,,,,,Home Office,charter_flight,Home Office charter flight deportees Ghana
https://latitudelaw.com/news/deportation-and-how-it-works,latitudelaw.com,Deportation & how it works | Latitude Law,"May 14, 2024 ... Charter flights are where the Home Office charter an entire aircraft ... charter flight are given less notice than those being deported on ...",2025-08-30T16:14:30.723094Z,latitudelaw.com,,,,False,,,,,Home Office,charter_flight,Home Office charter flight deportees Ghana
https://www.pbs.org/newshour/politics/where-trumps-deportations-are-sending-migrants,www.pbs.org,Where Trump's deportations are sending migrants | PBS News,"Apr 13, 2025 ... Since Trump took office, U.S. Immigration and Customs Enforcement (ICE) has deported non-U.S. citizens via charter and commercial flights, ...",2025-08-30T16:14:30.723094Z,PBS News,2025-04-13T14:07:43-04:00,,,False,,,,,ICE,commercial_flight,Home Office charter flight deportees Ghana
https://hansard.parliament.uk/lords/2020-12-01/debates/427406B9-B6AC-4737-AAA3-93F36AAB179C/ScheduledMassDeportationJamaica,hansard.parliament.uk,Scheduled Mass Deportation: Jamaica - Hansard - UK Parliament,"Dec 1, 2020 ... “This charter flight to Jamaica is specifically to remove foreign criminals. The offences committed by the individuals on this flight ...",2025-08-30T16:14:30.723094Z,hansard.parliament.uk,,,1.0,False,,,,,,charter_flight,Home Office charter flight deportees Ghana
https://www.sciencedirect.com/org/science/article/pii/S174501012400002X,www.sciencedirect.com,The deportation plane: charter flights and carceral mobilities ...,"Jul 3, 2024 ... At the start of December 2020 the Home Office deported 13 men to Jamaica on what many media reports dubbed a 'controversial charter flight'.",2025-08-30T16:14:30.723094Z,www.sciencedirect.com,,,2020.0,False,,,,,Home Office,charter_flight,Home Office charter flight deportees Ghana
https://www.wired-gov.net/wg/news.nsf/articles/Immigration+offenders+returned+on+flight+to+Nigeria+and+Ghana+28042025092500?open,www.wired-gov.net,Immigration offenders returned on flight to Nigeria and Ghana ...,"Apr 28, 2025 ... 43 failed asylum seekers and foreign offenders were returned on a charter flight ... home-office. Original article link: https://www.gov.uk/ ...",2025-08-30T16:14:32.916465Z,WiredGov,,,43.0,False,,,,Nigeria,ICE,charter_flight,Home Office charter flight deportees Ghana
https://www.cnn.com/2019/02/05/uk/stansted-15-deportation-charter-flights-uk-intl-gbr,www.cnn.com,Stansted 15 activists pay price for saving migrants from deportation ...,"Feb 5, 2019 ... The UK does not publish data on its deportation charter flights, but following a Freedom of Information request in 2018, the Home Office said 40 ...",2025-08-30T16:14:32.916465Z,CNN,2019-02-05T17:32:29+00:00,Bianca Britton,5.0,False,,,,,Home Office,charter_flight,Home Office charter flight deportees Ghana
https://www.bbc.com/news/business-46209149,www.bbc.com,Ex-UBS trader Kweku Adoboli has been deported,"Nov 14, 2018 ... The Home Office declined to comment on the reports. Mr Adoboli's ... Adoboli was expected to be put on a charter flight in September ...",2025-08-30T16:14:32.916465Z,www.bbc.com,,,14.0,False,,,,,Home Office,charter_flight,Home Office charter flight deportees Ghana
https://www.the-independent.com/news/uk/home-news/nigeria-ghana-home-office-government-angela-eagle-b2739628.html,www.the-independent.com,Migrants returned on charter flight to Nigeria and Ghana | The ...,"Apr 25, 2025 ... In February, the Home Office released footage of migrants being escorted onto planes and deported for the first time, as Home Secretary Yvette ...",2025-08-30T16:14:32.916465Z,The Independent,2025-04-25T14:57:31+00:00,,,False,,,,Nigeria,Home Office,charter_flight,Home Office charter flight deportees Ghana
https://detainedvoices.com/tag/suicide/,detainedvoices.com,suicide | detained voices,This statement was given after the persons charter flight deportation to France from the UK under the Dublin Regulation. ... They asked the Home Office personnel ...,2025-08-30T16:14:32.916465Z,detained voices,,,,False,,,,France,Home Office,charter_flight,Home Office charter flight deportees Ghana
https://www.ein.org.uk/news/detention-action-launches-legal-action-after-immigration-detainees-left-unable-contact-lawyers,www.ein.org.uk,Detention Action launches legal action after immigration detainees ...,"Feb 6, 2020 ... Labour MP David Lammy said on Twitter that the Home Office should not be chartering deportation flights to Jamaica and other parts of the ...",2025-08-30T16:14:32.916465Z,www.ein.org.uk,,,,False,,,,,Home Office,charter_flight,Home Office charter flight deportees Ghana
https://www.dissentmagazine.org/online_articles/stopping-the-deportation-machine/,www.dissentmagazine.org,Stopping the Deportation Machine - Dissent Magazine,"Feb 8, 2019 ... Three of the most common destinations for deportation charter flights are Pakistan, Nigeria, and Ghana. ... Home Office has applied to those in ...",2025-08-30T16:14:32.916465Z,Dissent Magazine,,,8.0,False,,,,Ghana,Home Office,charter_flight,Home Office charter flight deportees Ghana
https://www.aljazeera.com/news/2020/11/27/activists-black-celebrities-call-on-uk-to-halt-deportation-plane,www.aljazeera.com,"Activists, Black celebrities call on UK to halt deportation plane ...","Nov 27, 2020 ... The Kingston-bound flight will be second deportation operation to Jamaica this year. According to the Home Office, the flight will deport “ ...",2025-08-30T16:14:32.916465Z,Al Jazeera,,Aina Khan,27.0,True,,,,,Home Office,unknown,Home Office charter flight deportees Ghana
https://scholarlycommons.law.hofstra.edu/context/hlr/article/3139/viewcontent/18_49HofstraLRev437_2020_2021__The_final_act.pdf,scholarlycommons.law.hofstra.edu,The Final Act: Deportation by ICE Air | Hofstra Law Review,"Dec 1, 2021 ... concerned about a ""mass deportation charter flight,"" to Nigeria and ... Home Office Deportation Flight, INDEPENDENT (Mar. 28, 2017, 10:44 PM) ...",2025-08-30T16:14:32.916465Z,scholarlycommons.law.hofstra.edu,,"Deborah M. Weissman, Angelina Godoy, and Havan M. Clark",1.0,True,,,,Nigeria,Home Office,charter_flight,Home Office charter flight deportees Ghana
https://www.ice.gov/doclib/eoy/iceAnnualReportFY2024.pdf,www.ice.gov,Immigration and Customs Enforcement Fiscal Year 2024 Annual ...,"Dec 19, 2024 ... management support services, including orientation and enrollment, home visits, office ... These included the first large charter removal flight ...",2025-08-30T16:14:32.916465Z,www.ice.gov,,"Taylor, Kathleen W (CTR)",,False,,,,,ICE,unknown,Home Office charter flight deportees Ghana
https://www.vice.com/en/article/mass-deportation-to-jamaica/,www.vice.com,No Tears Left to Cry: Being Deported Is a Distressing Nightmare,"Nov 30, 2016 ... ... Office regulations, found themselves detained in the weeks running up to the flight. With charter flights, the Home Office wants to fill as ...",2025-08-30T16:14:34.967504Z,VICE,2016-12-01T00:05:00+00:00,Luke de Noronha,30.0,False,,,,,Home Office,charter_flight,Home Office charter flight deportees Ghana
https://www.duncanlewis.co.uk/InthePress/Home_Office_admits_mobile_phone_outage_in_detention_centres_as_deportees_unable_to_contact_lawyers_(The_Independent)_.pdf,www.duncanlewis.co.uk,Home Office admits mobile phone outage in detention centres as ...,"Feb 8, 2020 ... deportation, days before a charter flight is set to leave the UK. ... charter flights to Ghana, Nigeria and France. Campaigners accused ...",2025-08-30T16:14:34.967504Z,www.duncanlewis.co.uk,,,8.0,False,,,,Ghana,Home Office,charter_flight,Home Office charter flight deportees Ghana
https://medicaljustice.org.uk/wp-content/uploads/2022/02/2008_07_Outsourcing-Abuse_Final.pdf,medicaljustice.org.uk,The use and misuse of state-sanctioned force during the detention ...,The Home Office reports that it only contracts with airlines willing to operate removal flights ... The Home Office organised another “deportation charter” flight ...,2025-08-30T16:14:34.967504Z,medicaljustice.org.uk,,,,False,,,,,Home Office,unknown,Home Office charter flight deportees Ghana
https://www.reddit.com/r/ukpolitics/comments/1gspo8y/keir_starmer_has_often_boasted_the_biggest/,www.reddit.com,Keir Starmer has often boasted the biggest deportation flight in UK ...,"Nov 16, 2024 ... ... flight, with 44 forcibly removed on Friday, the Home Office has confirmed. Deportation flights to Nigeria and Ghana are relatively rare ...",2025-08-30T16:14:34.967504Z,Reddit,,,16.0,False,,,,Nigeria,Home Office,charter_flight,Home Office charter flight deportees Ghana
https://www.migrationpolicy.org/article/recalcitrant-uncooperative-countries-refuse-deportation,www.migrationpolicy.org,'Recalcitrant' and 'Uncooperative': Why Some Countries Refuse to ...,"Dec 20, 2022 ... A migrant scheduled to be deported from the United States is escorted to a charter flight. (Photo: U.S. Immigration ...",2025-08-30T16:14:34.967504Z,migrationpolicy.org,2022-12-20T09:31:11-05:00,Erlend Paasche,20.0,True,,,,,,charter_flight,Home Office charter flight deportees Ghana
https://www.amnesty.org/en/latest/news/2018/12/stansted-15-verdicts-show-uk-authorities-have-used-a-sledgehammer-to-crack-a-nut/,www.amnesty.org,Stansted 15 verdicts show UK authorities have used a ...,"Dec 11, 2018 ... ... charter flight to Ghana and Nigeria. They cut a small hole in the ... As the Windrush scandal in Britain has so clearly demonstrated, the Home ...",2025-08-30T16:14:34.967504Z,Amnesty International,2018-12-11T15:39:42+00:00,,,True,,,,Ghana,,charter_flight,Home Office charter flight deportees Ghana
https://scholarship.law.unc.edu/cgi/viewcontent.cgi?article=1590&context=faculty_publications,scholarship.law.unc.edu,The Final Act -- Deportation by ICE Air,"Kingdom's Home Office to fly deportation flights, organizers protested the airline and disrupted at least one Virgin Airlines flight.350. In Sweden ...",2025-08-30T16:14:34.967504Z,scholarship.law.unc.edu,,"Deborah M. Weissman, Angelina Godoy, and Havan Clark",,False,,,,,Home Office,charter_flight,Home Office charter flight deportees Ghana
https://ghana.iom.int/news/iom-charter-flight-brought-safely-home-135-ghanaians-libya,ghana.iom.int,IOM Charter Flight Brought Safely Home 135 Ghanaians from Libya ...,"Accra – on 29 July 2021, the International Organization for Migration (IOM) assisted 135 stranded Ghanaian migrants to return to their families from Libya.",2025-08-30T16:14:34.967504Z,ghana.iom.int,,,,False,,,,Ghana,IOM,charter_flight,Home Office charter flight deportees Ghana
https://www.infomigrants.net/en/post/58742/uk-deports-46-individuals-to-vietnam-and-east-timor-on-charter-flight,www.infomigrants.net,UK deports 46 individuals to Vietnam and East Timor on charter flight,"Jul 26, 2024 ... The UK has deported ""46 foreign criminals and immigration offenders"" to Vietnam East Timor on a charter flight, the Home Office announced in a ...",2025-08-30T16:14:34.967504Z,InfoMigrants,2024-07-26T17:25:22+02:00,https://www.facebook.com/InfoMigrants,46.0,False,,,,,Home Office,charter_flight,Home Office charter flight deportees Ghana
https://www.americanimmigrationcouncil.org/wp-content/uploads/2025/01/mass_deportation_report_2024.pdf,www.americanimmigrationcouncil.org,"Mass Deportation: Devastating Costs to America, Its Budget and ...","Oct 1, 2024 ... To estimate the cost for removal flights, we examined public data on ICE Air charter flights. Notably, ICE does not report the average cost ...",2025-08-30T16:14:37.513512Z,www.americanimmigrationcouncil.org,,,1.0,False,,,,,ICE,charter_flight,Home Office charter flight deportees Ghana
https://www.antiatlas-journal.net/anti-atlas/05-brewer-how-to-stop-a-deportation-flight/,www.antiatlas-journal.net,How To Stop A Deportation Flight,"Writing in 2009, David Wood, ex-strategic director of the UK Border Agency (UKBA) explained why the Home Office started using charter flights in 2001: “It was a ...",2025-08-30T16:14:37.513512Z,anti-atlas,,,2009.0,False,,,,,Home Office,charter_flight,Home Office charter flight deportees Ghana
https://booktwo.org/notebook/planespotting/,booktwo.org,Planespotting | booktwo.org,"Dec 18, 2013 ... The Home Office has been running deportation charter flights for ... Ghana, where it makes another stop. And then at 11am it appears to ...",2025-08-30T16:14:37.513512Z,booktwo.org,,,13.0,False,,,,Ghana,Home Office,charter_flight,Home Office charter flight deportees Ghana
https://theferret.scot/profit-from-brutality-privatised-uk-immigration/,theferret.scot,'Profit from the Brutality': The UK's increasingly privatised ...,"Sep 12, 2021 ... Earlier this month it emerged that last year the Home Office spent almost £9m on deportation charter flights. ... Ghana along with European ...",2025-08-30T16:14:37.513512Z,The Ferret,2021-09-12T11:04:45+01:00,https://www.facebook.com/theferret.scot/,,True,,,,Ghana,Home Office,charter_flight,Home Office charter flight deportees Ghana
https://www.independent.co.uk/news/uk/home-news/jamaica-deportation-flight-uk-home-office-windrush-immigration-a9341921.html,www.independent.co.uk,The deported: Struggling to build a new life in a country you barely ...,"Feb 18, 2020 ... ... home. More about. Charter flightsJamaicaGhana. Join our commenting forum. Join thought-provoking conversations, follow other Independent ...",2025-08-30T16:14:37.513512Z,The Independent,2020-02-19T22:33:11+00:00,,,True,,,,Ghana,,charter_flight,Home Office charter flight deportees Ghana
https://movementforjustice.co.uk/2018/05/22/emergency-demonstration-to-stop-charter-flight-to-nigeria-ghana-call-for-nigerian-diaspora-community-to-demand-nigeria-withdraw-co-operation-with-these-racist-unjust-mass-deportations/,movementforjustice.co.uk,EMERGENCY Demonstration to Stop Charter Flight to Nigeria and ...,"May 22, 2018 ... ... Charter Flights, Deportation, Ghana, Nigeria. Leave a ... Home Office plans to deport on Wed 30 May by charter flight #StopCharterFlights ...",2025-08-30T16:14:37.513512Z,Movement for Justice,2018-05-22T08:10:26+00:00,Movement for Justice By Any Means Necessary,22.0,True,,,,Nigeria,Home Office,charter_flight,Home Office charter flight deportees Ghana
https://millermayer.com/deportations-at-highest-level-since-2014-ice-says/,millermayer.com,"Deportations At Highest Level Since 2014, ICE Says - Miller Mayer ...","Dec 23, 2024 ... ... home countries for crimes such as terrorist activities and participation in torture. ... These included the first large charter removal flight to ...",2025-08-30T16:14:37.513512Z,Miller Mayer Law Firm,2024-12-24T02:50:44+00:00,Admin User,2014.0,False,,,,,ICE,unknown,Home Office charter flight deportees Ghana
https://jerseyeveningpost.com/morenews/uknews/2019/08/08/home-office-deportation-flights-lacking-in-common-decency-report/,jerseyeveningpost.com,Home Office deportation flights lacking in 'common decency' – report ...,"Aug 8, 2019 ... A Home Office-chartered deportation flight is lacking “common ... flight to Nigeria and Ghana, the report said. The longest time that a ...",2025-08-30T16:14:37.513512Z,Jersey Evening Post,2019-08-08T22:04:32+00:00,Adopstar,8.0,False,,,,Nigeria,Home Office,charter_flight,Home Office charter flight deportees Ghana
https://www.paih.org/immoral-rwanda-flight-to-go-ahead,www.paih.org,ALL PRIVILEGE - NO STYLE : Immoral Rwanda flight to go ahead ...,"Jun 13, 2022 ... Since 2020, the Spanish charter airline has operated ALL deportation charter-flights ... The Home Office describes Rwanda as a “safe and ...",2025-08-30T16:14:37.513512Z,Positive Action in Housing,,,,False,,,,,Home Office,charter_flight,Home Office charter flight deportees Ghana
https://www.ice.gov/doclib/about/offices/ero/pdf/eroFY2018Report.pdf,www.ice.gov,Fiscal Year 2018 ICE Enforcement and Removal Operations Report,"6 A fugitive is any alien who has failed to leave the United States following the issuance of a final order of removal, deportation, ... GHANA. 305. 243.",2025-08-30T16:14:43.270029Z,www.ice.gov,,LESA STU,2018.0,False,,,,Ghana,ICE,unknown,ICE removed deportees Ghana
https://fortune.com/2024/12/20/ice-deported-270000-people-12-months-highest-number-since-2014/,fortune.com,ICE has deported the highest number of people since 2014 | Fortune,"Dec 20, 2024 ... It was ICE's highest deportation count since 2014, when it removed 315,943 people. ... Ghana, Guinea, India, Mauritania, Romania, Senegal ...",2025-08-30T16:14:43.270029Z,Fortune,,"Valerie Gonzalez,Elliot Spagat,The Associated Press",20.0,True,,,,Ghana,ICE,unknown,ICE removed deportees Ghana
https://www.ice.gov/remove/removal-statistics/2015,www.ice.gov,Archived: FY 2015 ICE Immigration Removals | ICE,"Jan 7, 2021 ... Immigration Fugitives: An individual who has failed to leave the United States based on a final order of removal, deportation, or exclusion, or ...",2025-08-30T16:14:43.270029Z,www.ice.gov,2020-06-11T00:00:00,,2015.0,False,,,,,ICE,unknown,ICE removed deportees Ghana
https://www.voanews.com/a/us-immigration-agency-deports-most-since-2014-aided-by-more-flights/7908054.html,www.voanews.com,"US immigration agency deports most since 2014, aided by more flights","Dec 19, 2024 ... It was ICE's highest deportation count since 2014, when it removed 315,943 people. ... Ghana, Guinea, India, Mauritania, Romania, Senegal ...",2025-08-30T16:14:43.270029Z,Voice of America,,Associated Press,2014.0,True,,,,Ghana,ICE,unknown,ICE removed deportees Ghana
https://static.foxnews.com/foxnews.com/content/uploads/2024/12/get-backs-re-non-detained-docket-1.pdf,static.foxnews.com,How many individuals on the non-detained docket have final orders ...,"Nov 24, 2024 ... Ghana. 3,228. Greece. 211. Grenada. 149 ... If a noncitizen is granted any form of relief from removal, ICE is unable to effectuate the removal.",2025-08-30T16:14:43.270029Z,static.foxnews.com,,Christine Schellack,,False,,,,Ghana,ICE,unknown,ICE removed deportees Ghana
https://qz.com/africa/1540019/us-issues-visa-ban-against-ghana,qz.com,The US has issued a visa ban on Ghana for failing to accept deportees,But ICE's operation still require countries of origin of deportees to provide travel documents to facilitate their removal. When those documents are not ...,2025-08-30T16:14:43.270029Z,Quartz,2019-02-01T13:29:45.814000+00:00,https://qz.com/author/yomikazeem,,False,,,,Ghana,ICE,unknown,ICE removed deportees Ghana
https://www.bbc.com/pidgin/articles/c8xq1rpgvd7o,www.bbc.com,US legal immigration: Documents you need to stay for US as Trump ...,"Jan 29, 2025 ... ... Removal Operations (ICE). Fox News bin report on Tuesday 28 January ... deportation in Africa, followed by Somalia, Ghana, Senegal, among odas.",2025-08-30T16:14:43.270029Z,BBC News Pidgin,2025-01-29T14:26:36.105000+00:00,https://www.facebook.com/bbcnews,29.0,False,,,,Ghana,ICE,unknown,ICE removed deportees Ghana
https://sanctuaryforfamilies.org/wachtell/,sanctuaryforfamilies.org,Wachtell Team Works Tirelessly to Stop Client's Deportation ...,"Sep 26, 2017 ... Tagged asylum status, deportation, detention, Ghana, ICE, Immigration, Liberia, Liberian civil war, refugee, refugee camp, removal proceedings, ...",2025-08-30T16:14:43.270029Z,Sanctuary For Families,2017-09-26T20:57:33+00:00,Michelle Miao,26.0,False,,,,Ghana,ICE,unknown,ICE removed deportees Ghana
https://www.uscis.gov/humanitarian/temporary-protected-status,www.uscis.gov,Temporary Protected Status | USCIS,"5 days ago ... ALERT: On May 19, 2025, the U.S. Supreme Court, in a devastating 8-1 vindication of the Trump Administration and stinging indictment of ...",2025-08-30T16:14:45.769064Z,USCIS,2025-08-25T00:00:00,,,False,,,,,,unknown,ICE removed deportees Ghana
https://immigrationlitigation.org/wp-content/uploads/2025/06/25.05.27-DVD-Practice-Alert.pdf,immigrationlitigation.org,1 Practice Alert1 Third Country Deportations and DVD v. DHS June ...,"Jun 27, 2025 ... The Department of Homeland Security (DHS) has dramatically escalated efforts to remove persons with final removal orders to third ...",2025-08-30T16:14:45.769064Z,immigrationlitigation.org,,Mary Kenney,1.0,False,,,,,ICE,unknown,ICE removed deportees Ghana
https://www.cbsa-asfc.gc.ca/security-securite/rem-ren-eng.html,www.cbsa-asfc.gc.ca,"Arrests, detentions and removals - Removal from Canada","Jul 14, 2025 ... These are Departure Orders, Exclusion Orders and Deportation Orders. The form number on the Removal Order indicates what type of order you ...",2025-08-30T16:14:45.769064Z,www.cbsa-asfc.gc.ca,,,14.0,False,,,Canada,,,unknown,ICE removed deportees Ghana
https://econofact.org/immigrant-deportations-trends-and-impacts,econofact.org,Immigrant Deportations: Trends and Impacts | Econofact,"Oct 9, 2024 ... Deportation is the process of removing a foreign national from the United States for violating immigration law. Non-citizens may be deported if ...",2025-08-30T16:14:45.769064Z,Econofact | Key facts and incisive analysis to the national debate on economic and social policies.,2024-10-09T12:40:06+00:00,Tara Watson,9.0,False,,,,,,unknown,ICE removed deportees Ghana
https://www.dhs.gov/news/2016/07/14/written-testimony-ice-house-committee-oversight-and-government-reform-hearing,www.dhs.gov,Written testimony of ICE for a House Committee on Oversight and ...,"Jul 14, 2016 ... Once individuals are ordered removed by EOIR immigration judges, it is ICE's ... Ghana, Guinea, Liberia, Mali, Mauritania, Niger, Sierra ...",2025-08-30T16:14:45.769064Z,U.S. Department of Homeland Security,,,2016.0,False,,,,Ghana,ICE,unknown,ICE removed deportees Ghana
https://tracreports.org/immigration/reports/350/,tracreports.org,"ICE Deportations: Gender, Age, and Country of Citizenship","Apr 9, 2014 ... Because ICE deportations dropped 10 percent — from 409,849 in FY ... 18. GEORGIA, 31, 36. GERMANY, 123, 100. GHANA, 139, 111. GREECE, 28, 30.",2025-08-30T16:14:45.769064Z,tracreports.org,,,9.0,False,,,,Ghana,ICE,ship,ICE removed deportees Ghana
https://www.migrationpolicy.org/article/trump-deportations-unfinished-mission,www.migrationpolicy.org,Trump's Promise of Millions of Deportations Is Yet to Be Fulfilled,"Oct 29, 2020 ... The Republican presidential candidate pledged a “deportation force” that would remove millions of unauthorized immigrants.",2025-08-30T16:14:45.769064Z,migrationpolicy.org,2020-10-28T17:52:04-04:00,"Muzaffar Chishti, Sarah Pierce Muzaffar Chishti and Sarah Pierce",29.0,False,,,,,ICE,unknown,ICE removed deportees Ghana
https://www.cnn.com/2019/02/01/africa/us-visa-sanction-ghana-intl,www.cnn.com,US imposes visa restrictions on Ghana for refusing to take deportees ...,"Feb 1, 2019 ... The United States has imposed visa restrictions on Ghana following the government's refusal to accept Ghanaian nationals deported from the US back into the ...",2025-08-30T16:14:45.769064Z,CNN,2019-02-01T13:31:27+00:00,Bukola Adebayo,1.0,False,,,,Ghana,,unknown,ICE removed deportees Ghana
https://www.pbs.org/newshour/show/how-the-trump-administrations-deportation-policies-have-affected-migrants-and-citizens,www.pbs.org,How the Trump administration's deportation policies have affected ...,"Mar 13, 2025 ... Now, when it comes to deportations, President Trump has not deported as many migrants as Biden compared to this time last year. So, when you ...",2025-08-30T16:14:45.769064Z,PBS News,2025-03-13T18:30:18-04:00,,1.0,False,,,,,Immigration and Customs Enforcement,unknown,ICE removed deportees Ghana
https://ohss.dhs.gov/sites/default/files/2023-12/2023_0818_plcy_yearbook_enforcement_fy2022_0.xlsx,ohss.dhs.gov,Untitled,"Ghana, 578, 556, 855, 890, 479, 486, 538, 520, 590, 2509. 82, Greece, 168, 226, 194, 172 ... ICE Enforcement and Removal Operations (ERO)3, 229698, 181719, 117983 ...",2025-08-30T16:14:45.769064Z,ohss.dhs.gov,,,226.0,False,,,,Ghana,ICE,unknown,ICE removed deportees Ghana
https://kfoxtv.com/news/nation-world/ice-continues-deportations-of-gang-members-violent-offenders-immigration-and-customs-enforcement-arrests-illegal-immigration-southern-border-crackdown,kfoxtv.com,"ICE continues deportations of gang members, violent offenders","Feb 3, 2025 ... ICE Boston will continue our mission of arresting and removing illegal alien offenders,” ICE Enforcement and Removal Operations Boston acting ...",2025-08-30T16:14:48.976518Z,KFOX,2025-02-03T15:46:54+00:00,The National News Desk,,False,,,,,ICE,unknown,ICE removed deportees Ghana
https://www.hrw.org/news/2025/04/11/us/el-salvador-venezuelan-deportees-forcibly-disappeared,www.hrw.org,US/El Salvador: Venezuelan Deportees Forcibly Disappeared ...,"Apr 11, 2025 ... Others discovered that their family member's names had been removed from ICE's location database on or around March 16, or found their ...",2025-08-30T16:14:48.976518Z,Human Rights Watch,2025-04-11T00:00:00-04:00,,11.0,True,,,,,ICE,unknown,ICE removed deportees Ghana
https://www.npr.org/2025/06/23/g-s1-71529/supreme-court-south-sudan-deportation,www.npr.org,Supreme Court allows third-country deportations for now : NPR,"Jun 23, 2025 ... Deportees are being held in a converted shipping container in Djibouti, ICE says ... Following that, she said, ""the government removed six ...",2025-08-30T16:14:48.976518Z,NPR,,,23.0,False,,,,,ICE,ship,ICE removed deportees Ghana
https://aijustice.org/2016/07/26/the-mass-deportation-of-black-immigrants-that-you-havent-heard-about-thinkprogress/,aijustice.org,THE MASS DEPORTATION OF BLACK IMMIGRANTS THAT YOU ...,"Jul 26, 2016 ... ... removal proceedings between 2003 and 2015. In the 2014 fiscal year, the ICE agency deported 1,203 African immigrants. Black immigrants from ...",2025-08-30T16:14:48.976518Z,Americans for Immigrant Justice,2016-07-27T02:58:58+00:00,Americans for Immigrant Justice,2009.0,True,2003.0,2015.0,,,ICE,unknown,ICE removed deportees Ghana
https://www.nbcphiladelphia.com/news/national-international/immigration-agency-deports-highest-numbers-since-2014/4059158/,www.nbcphiladelphia.com,"US reaches highest number of deportations since 2014, ICE says ...","Dec 19, 2024 ... It was ICE's highest deportation count since 2014, when it removed 315,943 people. ... Ghana, Guinea, India, Mauritania, Romania, Senegal ...",2025-08-30T16:14:48.976518Z,NBC10 Philadelphia,,,2014.0,False,,,,Ghana,ICE,charter_flight,ICE removed deportees Ghana
https://factcheck.afp.com/doc.afp.com.36X84AW,factcheck.afp.com,Post falsely claims Trump's deportation order does not affect ...,"Feb 6, 2025 ... The post includes a chart titled “Final Removal Cases - ICE US (Trump Deportation List)”. ... Ghana with 6,200 deportations, followed by ...",2025-08-30T16:14:48.976518Z,Fact Check,2025-02-06T10:36:40+01:00,,6.0,True,,,US,Ghana,ICE,unknown,ICE removed deportees Ghana
https://nipnlg.org/sites/default/files/2023-10/2023_post-deportation-assessment-guide.pdf,nipnlg.org,Returning to the United States After Deportation: A Guide to Assess ...,"If you were ordered removed by an immigration (ICE) officer through the process of “expedited removal,” “administrative removal,” or “reinstatement of ...",2025-08-30T16:14:48.976518Z,nipnlg.org,,Megan Hauptman,,False,,,,,ICE,unknown,ICE removed deportees Ghana
https://www.theguardian.com/uk-news/2024/oct/19/uk-deports-record-number-of-nigerians-and-ghanaians-in-single-flight,www.theguardian.com,UK deports record number of Nigerians and Ghanaians in single ...,"Oct 19, 2024 ... Deportation flights to Nigeria and Ghana are relatively rare, with ... removal centre near Gatwick before their deportation. One man ...",2025-08-30T16:14:48.976518Z,the Guardian,2024-10-19T11:36:59+00:00,https://www.theguardian.com/profile/dianetaylor,19.0,False,,,,Nigeria,,charter_flight,ICE removed deportees Ghana
https://www.amnesty.org/en/wp-content/uploads/2021/05/AMR5181272018ENGLISH.pdf,www.amnesty.org,urgent action - us must not deport gay asylum seeker to ghana,"Mar 23, 2018 ... Sadat I., 31, a gay man from Ghana, has been detained by US Immigration and Customs Enforcement (ICE) since ... ICE removed the video from his ...",2025-08-30T16:14:51.865215Z,www.amnesty.org,,Brian Griffey,23.0,False,,,,Ghana,ICE,unknown,ICE removed deportees Ghana
https://africa.businessinsider.com/local/lifestyle/removal-orders-top-10-african-countries-affected-as-ice-targets-over-41000/yr7z3gm,africa.businessinsider.com,Removal orders: Top 10 African countries affected as ICE targets ...,"Jan 27, 2025 ... Many African immigrants from countries such as Nigeria, Ghana, Somalia, and Senegal have faced increased deportation risks.",2025-08-30T16:14:51.865215Z,Business Insider Africa,2025-01-27T12:56:30+01:00,Solomon Ekanem,10.0,False,,,,Ghana,ICE,bus,ICE removed deportees Ghana
https://www.parliament.gh/floor?dis=68,www.parliament.gh,Deportation of Ghanaians from the United States of America,"Mar 13, 2025 ... Mr Speaker, the Ghana Mission in Washington has reported that two Ghanaian nationals were recently deported to Costa Rica by ICE. The ...",2025-08-30T16:14:51.865215Z,www.parliament.gh,,,,False,,,,Ghana,ICE,unknown,ICE removed deportees Ghana
https://www.immigrantdefenseproject.org/wp-content/uploads/ECPDO-updated-2021-1.pdf,www.immigrantdefenseproject.org,STEP-BY-STEP GUIDE TO ECPDO & CPDO | Immigrant Defense ...,Conditional Parole for Deportation Only (CPDO). DOCCS releases a person for CPDO to ICE for deportation after the person has served ... Ghana. 202-686-4520.,2025-08-30T16:14:51.865215Z,www.immigrantdefenseproject.org,,Quicksilver,,False,,,,Ghana,ICE,unknown,ICE removed deportees Ghana
https://lawyersimmigration.com/final-order-of-removal/,lawyersimmigration.com,Final Order of Removal - Cho Immigration Law,"ICE will then take the individual into custody or detain them until deportation takes place. In many cases involving countries with a large number of deportees, ...",2025-08-30T16:14:51.865215Z,Cho Immigration Law,2022-12-15T21:37:00+00:00,,,False,,,,,ICE,unknown,ICE removed deportees Ghana
https://www.ghanaweb.com/GhanaHomePage/NewsArchive/Trump-s-Deportation-Policy-3-228-Ghanaians-listed-on-ICE-s-non-detained-docket-with-final-orders-of-removal-1969091,www.ghanaweb.com,"Trump's Deportation Policy: 3,228 Ghanaians listed on ICE's non ...","Jan 27, 2025 ... Usually, ICE, with the power of a final order of removal from an immigration court, will go ahead to deport a person on the non-detained docket, ...",2025-08-30T16:14:51.865215Z,GhanaWeb,2025-01-27T13:43:36+00:00,,3.0,False,,,,Ghana,ICE,unknown,ICE removed deportees Ghana
https://www.reddit.com/r/ghana/comments/1i8xxfj/over_5000_ghanaians_have_overstayed_their_visas/,www.reddit.com,Over 5000 Ghanaians have overstayed their Visas in the US : r/ghana,"Jan 24, 2025 ... If you overstay your visa you are there illegally . iCE would have deported you even if Donald Trump wasn't there ...",2025-08-30T16:14:51.865215Z,Reddit,,,,True,,,,Ghana,ICE,unknown,ICE removed deportees Ghana
https://ccrjustice.org/sites/default/files/attach/2023/06/Dkt%2068%20Sisay%20Decl%20Ex%20H%20Pt%201.pdf,ccrjustice.org,EXHIBIT H (part 1),"Jun 23, 2023 ... documentation to ensure compliance with established ICE ERO removal guidelines. ... Removed or Deported (1-294), Notice to Alien. Ordered ...",2025-08-30T16:14:51.865215Z,ccrjustice.org,,,1.0,False,,,,,ICE,unknown,ICE removed deportees Ghana
https://www.justice.gov/eoir/page/file/1107366/dl,www.justice.gov,Asylum Decision Rates by Nationality1,"2 Asylum decisions on affirmative and defensive applications in completed removal, deportation, exclusion, and asylum-only proceedings. ... GHANA. *. *. 4.",2025-08-30T16:14:54.515992Z,www.justice.gov,,McDowelB,,False,,,,Ghana,ICE,unknown,ICE removed deportees Ghana
https://www.govinfo.gov/content/pkg/USCOURTS-mdd-8_17-cv-00607/pdf/USCOURTS-mdd-8_17-cv-00607-0.pdf,www.govinfo.gov,Case 8:17-cv-00607-TDC Document 8 Filed 06/05/17 Page 1 of 4,"Jun 5, 2017 ... Quartey is scheduled to be deported to Ghana on June 12,2017. DISCUSSION. The Petition seeks Quartey's release from ICE detention, invoking ...",2025-08-30T16:14:54.515992Z,www.govinfo.gov,,,5.0,False,,,,Ghana,ICE,unknown,ICE removed deportees Ghana
https://content.govdelivery.com/accounts/USDHSICE/bulletins/3790e4a,content.govdelivery.com,"Read this week's #FridayFive from ICE — November 3, 2023","Nov 3, 2023 ... ERO Philadelphia removes noncitizen wanted for murder in Mexico. On Oct. 26, ERO Philadelphia deported Juan Martinez Merida, a Mexican citizen ...",2025-08-30T16:14:54.515992Z,U.S. Immigration and Customs Enforcement (ICE),,,26.0,False,,,,,ICE,unknown,ICE removed deportees Ghana
https://mx.usembassy.gov/u-s-immigration-and-customs-enforcement/,mx.usembassy.gov,U.S. Immigration and Customs Enforcement - U.S. Embassy ...,"Mar 16, 2021 ... Ghana · Greece · Guatemala · Guinea · U.S. Virtual ... deported or removed from the United States. The ICE Attaché Mexico City is responsible for:.",2025-08-30T16:14:54.515992Z,U.S. Embassy & Consulates in Mexico,2021-03-16T17:54:13+00:00,mcanultyso,,False,,,,Ghana,ICE,unknown,ICE removed deportees Ghana
https://www.wola.org/2025/03/weekly-u-s-mexico-border-update-february-migration-ice-arrests-guantanamo-empties-panama-releases/,www.wola.org,"Weekly U.S.-Mexico Border Update: February migration, ICE arrests ...","Mar 14, 2025 ... Funding for “mass deportation”. With less than 6,000 Enforcement and Removal Operations agents, “ICE doesn't have the resources or staffing to ...",2025-08-30T16:14:54.515992Z,WOLA,2025-03-14T15:00:52+00:00,Adam Isacson,14.0,False,,,,,ICE,unknown,ICE removed deportees Ghana
https://law.shu.edu/documents/ICE-Press-Releases.pdf,law.shu.edu,Jew Jersey fugitive teams arrest 363 in two-month operation - US ...,"May 1, 2007 ... He was ordered deported in absentia. The fugitives arrested in this operation will remain in ICE custody pending their final removal from the ...",2025-08-30T16:14:54.515992Z,law.shu.edu,,,1.0,False,,,,,ICE,unknown,ICE removed deportees Ghana
https://pe.usembassy.gov/dhs-announces-historic-travel-assistance-and-stipend-for-voluntary-self-deportation/,pe.usembassy.gov,DHS Announces Historic Travel Assistance and Stipend for ...,"May 5, 2025 ... ... (ICE). Even with the cost of the stipend, it is projected that the use of CBP Home will decrease the costs of a deportation by around 70 percent.",2025-08-30T16:14:54.515992Z,U.S. Embassy in Peru,2025-05-05T19:09:42+00:00,U.S. Mission Lima,70.0,True,,,,,ICE,unknown,ICE removed deportees Ghana
https://www.aclu-nm.org/en/press-releases/stranded-venezuelan-migrants-indefinite-detention-otero-prison-seek-release,www.aclu-nm.org,Stranded Venezuelan Migrants in Indefinite Detention in Otero ...,"Sep 16, 2024 ... ... ICE custody at the Otero Processing Center in Chaparral, New Mexico. ... deportation officers pressured them to agree to be removed to Mexico.",2025-08-30T16:14:54.515992Z,ACLU of New Mexico,2024-09-16T14:30:06-04:00,,,False,,,,,ICE,unknown,ICE removed deportees Ghana
https://www.laaclu.org/app/uploads/2024/08/inside_the_black_hole_systemic_human_rights_abuses_against_immigrants_detained_disappeared_in_louisiana.pdf,www.laaclu.org,SYSTEMIC HUMAN RIGHTS ABUSES AGAINST IMMIGRANTS ...,"Aug 1, 2024 ... Awusi is an LGBTQ+ man from Ghana who was tortured twice by an anti-gay group in Ghana. ... removal and ICE began processing him for deportation.",2025-08-30T16:14:54.515992Z,www.laaclu.org,,,,False,,,Ghana,Ghana,ICE,bus,ICE removed deportees Ghana
https://righttoremain.org.uk/new-factsheet-on-charter-flight-removalsdeportations/,righttoremain.org.uk,New factsheet on charter flight removals/deportations – Right to ...,"Jan 9, 2017 ... For the main destinations – Pakistan, Kosovo/Albania, Afghanistan, and Nigeria / Ghana ... Individuals seeking to halt their removal/deportation ...",2025-08-30T16:14:54.515992Z,Right to Remain,2017-01-09T13:25:18+00:00,,9.0,False,,,,Ghana,,charter_flight,ICE removed deportees Ghana
